image_id,image,brightness_threshold,defect_percentage,number_of_defects,yellow_ratio,largest_defect_ratio,mean_defect_ratio,aspect_ratio,circularity,solidity,grade
NDM_M1 (1),c:\Users\noppa\OneDrive\Desktop\mango\data\jpg\NDM_M1\NDM_M1 (1).jpg,22,0.12368163382561108,4,70.82615603402999,0.0005317871667147285,0.0003092040845640277,2.1810012836970474,0.5993192817795255,0.9594226397212191,NDM_M1
NDM_M1 (10),c:\Users\noppa\OneDrive\Desktop\mango\data\jpg\NDM_M1\NDM_M1 (10).jpg,18,0.5393164032180003,16,68.41684245130537,0.0008282424275630314,0.0003370727520112502,0.5014475969889982,0.6244113931542907,0.9601539954934576,NDM_M1
NDM_M1 (100),c:\Users\noppa\OneDrive\Desktop\mango\data\jpg\NDM_M1\NDM_M1 (100).jpg,20,0.1508706469122003,6,72.21584951915118,0.0005318630587644105,0.0002514510781870005,0.461046511627907,0.5726849293251042,0.9509319637117416,NDM_M1
NDM_M1 (101),c:\Users\noppa\OneDrive\Desktop\mango\data\jpg\NDM_M1\NDM_M1 (101).jpg,21,0.13049872977670812,4,83.93924321433347,0.00045139724562107234,0.0003262468244417703,2.1890166028097062,0.6005001117021777,0.9574169698904084,NDM_M1
NDM_M1 (102),c:\Users\noppa\OneDrive\Desktop\mango\data\jpg\NDM_M1\NDM_M1 (102).jpg,21,0.1228991360693455,4,83.9366871569868,0.0004353346247190915,0.00030724784017336374,0.45650904845300644,0.6020006335440846,0.9581291526160036,NDM_M1
NDM_M1 (103),c:\Users\noppa\OneDrive\Desktop\mango\data\jpg\NDM_M1\NDM_M1 (103).jpg,28,0.11823646513874767,5,58.36547339387352,0.00039834196245261774,0.00023647293027749536,1.8689057421451787,0.6093911669044825,0.9480626175837524,NDM_M1
NDM_M1 (104),c:\Users\noppa\OneDrive\Desktop\mango\data\jpg\NDM_M1\NDM_M1 (104).jpg,28,0.11820917961466144,5,58.49299849171319,0.00039240773793005403,0.0002364183592293229,0.5353828306264501,0.6131826528241918,0.9481276195427253,NDM_M1
NDM_M1 (105),c:\Users\noppa\OneDrive\Desktop\mango\data\jpg\NDM_M1\NDM_M1 (105).jpg,20,0.14130273423539827,3,23.727771393802108,0.0009081129029006464,0.0004710091141179942,1.9367945823927766,0.6025337122431383,0.9414128457574737,NDM_M1
NDM_M1 (106),c:\Users\noppa\OneDrive\Desktop\mango\data\jpg\NDM_M1\NDM_M1 (106).jpg,20,0.1460240509123755,3,23.71553342292651,0.000936239523415607,0.000486746836374585,0.5163170163170163,0.6079788311822881,0.9423189444946334,NDM_M1
NDM_M1 (107),c:\Users\noppa\OneDrive\Desktop\mango\data\jpg\NDM_M1\NDM_M1 (107).jpg,17,0.16297912939292292,3,58.08350259899267,0.0009389453555990794,0.0005432637646430764,1.8698030634573304,0.6272754731182724,0.9618488884741888,NDM_M1
NDM_M1 (108),c:\Users\noppa\OneDrive\Desktop\mango\data\jpg\NDM_M1\NDM_M1 (108).jpg,17,0.15484245586586773,3,58.22580385009315,0.0009213932595143431,0.0005161415195528924,0.5357142857142857,0.6275919064750548,0.9615301502791481,NDM_M1
NDM_M1 (109),c:\Users\noppa\OneDrive\Desktop\mango\data\jpg\NDM_M1\NDM_M1 (109).jpg,18,0.19717808903431328,4,83.56735881456028,0.0006064027972272621,0.0004929452225857832,1.9381443298969072,0.6478637917291827,0.9670447884863906,NDM_M1
NDM_M1 (11),c:\Users\noppa\OneDrive\Desktop\mango\data\jpg\NDM_M1\NDM_M1 (11).jpg,21,0.12935865133173838,5,80.20097287243767,0.0004530533410696828,0.00025871730266347674,2.058542413381123,0.6190859564852998,0.9626636344077056,NDM_M1
NDM_M1 (110),c:\Users\noppa\OneDrive\Desktop\mango\data\jpg\NDM_M1\NDM_M1 (110).jpg,18,0.1931640524419026,4,83.71582342007254,0.0006160262034616009,0.0004829101311047565,0.5168539325842697,0.6448276878669412,0.9667223497967173,NDM_M1
NDM_M1 (111),c:\Users\noppa\OneDrive\Desktop\mango\data\jpg\NDM_M1\NDM_M1 (111).jpg,23,0.05019365927220297,3,5.2503670756070955,0.00025041671768769394,0.0001673121975740099,2.213820078226858,0.5955936056420166,0.9624232467923517,NDM_M1
NDM_M1 (112),c:\Users\noppa\OneDrive\Desktop\mango\data\jpg\NDM_M1\NDM_M1 (112).jpg,22,0.055810588128889366,3,5.205385170266412,0.0002889797250942493,0.00018603529376296456,0.45288574793875147,0.5979015208249442,0.9621583220424424,NDM_M1
NDM_M1 (113),c:\Users\noppa\OneDrive\Desktop\mango\data\jpg\NDM_M1\NDM_M1 (113).jpg,22,0.12309643102688772,5,10.850909225645227,0.00039419676491051837,0.0002461928620537754,2.1433962264150943,0.6094136271558243,0.9655027684715378,NDM_M1
NDM_M1 (114),c:\Users\noppa\OneDrive\Desktop\mango\data\jpg\NDM_M1\NDM_M1 (114).jpg,22,0.1318157542979036,5,10.69179089349678,0.0003930805475550287,0.0002636315085958072,0.4665492957746479,0.6048693160350866,0.9646890014025524,NDM_M1
NDM_M1 (115),c:\Users\noppa\OneDrive\Desktop\mango\data\jpg\NDM_M1\NDM_M1 (115).jpg,20,0.13222499208433858,5,94.82906630871526,0.0008127488973818114,0.00026444998416867715,2.1637055837563453,0.6070628197925806,0.974567371477195,NDM_M1
NDM_M1 (116),c:\Users\noppa\OneDrive\Desktop\mango\data\jpg\NDM_M1\NDM_M1 (116).jpg,20,0.09074349467244273,3,94.95871951341867,0.0005350967744812348,0.0003024783155748091,0.4618991793669402,0.6062593446689211,0.9745996611763886,NDM_M1
NDM_M1 (117),c:\Users\noppa\OneDrive\Desktop\mango\data\jpg\NDM_M1\NDM_M1 (117).jpg,20,0.05583661509784074,4,92.45582943761235,0.00023432379114783825,0.00013959153774460186,2.2284595300261096,0.6127729844925827,0.9768152597744757,NDM_M1
NDM_M1 (118),c:\Users\noppa\OneDrive\Desktop\mango\data\jpg\NDM_M1\NDM_M1 (118).jpg,21,0.04030428681458973,4,92.59540615537198,0.00012766541111427636,0.00010076071703647432,0.44958968347010553,0.6106819726729985,0.9763744493892311,NDM_M1
NDM_M1 (119),c:\Users\noppa\OneDrive\Desktop\mango\data\jpg\NDM_M1\NDM_M1 (119).jpg,25,0.03764392077567987,2,74.46709652439057,0.0001968239286271262,0.00018821960387839937,2.042579075425791,0.6068670101336264,0.9576490077332556,NDM_M1
NDM_M1 (12),c:\Users\noppa\OneDrive\Desktop\mango\data\jpg\NDM_M1\NDM_M1 (12).jpg,21,0.11650959888119,4,80.1864153582099,0.0004499475557815778,0.000291273997202975,0.48549883990719256,0.615694655995816,0.9624160617396705,NDM_M1
NDM_M1 (120),c:\Users\noppa\OneDrive\Desktop\mango\data\jpg\NDM_M1\NDM_M1 (120).jpg,26,0.046873152219486756,3,73.51032606942816,0.00019566315834739886,0.00015624384073162253,0.48988095238095236,0.6061862088653618,0.9575811813495021,NDM_M1
NDM_M1 (121),c:\Users\noppa\OneDrive\Desktop\mango\data\jpg\NDM_M1\NDM_M1 (121).jpg,17,0.0749471519539948,4,63.53490248735606,0.0002765777677028752,0.00018736787988498702,2.1095541401273885,0.6089097578087076,0.9556258620976186,NDM_M1
NDM_M1 (122),c:\Users\noppa\OneDrive\Desktop\mango\data\jpg\NDM_M1\NDM_M1 (122).jpg,17,0.061378700072873646,3,63.44334507408821,0.0003014713537148211,0.00020459566690957882,0.47342995169082125,0.6053557366540764,0.9558005483253952,NDM_M1
NDM_M1 (123),c:\Users\noppa\OneDrive\Desktop\mango\data\jpg\NDM_M1\NDM_M1 (123).jpg,19,0.11358316116716774,6,89.40700081544234,0.0002945514188593522,0.00018930526861194623,2.022673031026253,0.6188481464598011,0.9551469548160803,NDM_M1
NDM_M1 (124),c:\Users\noppa\OneDrive\Desktop\mango\data\jpg\NDM_M1\NDM_M1 (124).jpg,19,0.10518604394048826,6,89.56477982742463,0.0002748476197266196,0.00017531007323414707,0.4946933962264151,0.6157881636149555,0.9546435313769484,NDM_M1
NDM_M1 (125),c:\Users\noppa\OneDrive\Desktop\mango\data\jpg\NDM_M1\NDM_M1 (125).jpg,17,0.08211524010375003,4,74.86495931609014,0.00036562997438570127,0.00020528810025937508,2.0935960591133007,0.6067302732986489,0.9491981987391174,NDM_M1
NDM_M1 (126),c:\Users\noppa\OneDrive\Desktop\mango\data\jpg\NDM_M1\NDM_M1 (126).jpg,17,0.06715299573048322,4,75.04897624500644,0.0002605334270445815,0.00016788248932620806,0.4779281930547381,0.6010618186513071,0.9490123547485189,NDM_M1
NDM_M1 (127),c:\Users\noppa\OneDrive\Desktop\mango\data\jpg\NDM_M1\NDM_M1 (127).jpg,17,0.12706262323130202,5,32.46638730425951,0.00046890797052055646,0.000254125246462604,2.13727959697733,0.5653352634712585,0.9449168122941156,NDM_M1
NDM_M1 (128),c:\Users\noppa\OneDrive\Desktop\mango\data\jpg\NDM_M1\NDM_M1 (128).jpg,17,0.13066007917337782,4,32.61037804544868,0.00033493791074190463,0.00032665019793344453,0.46733372572101234,0.5612575211071744,0.9449868512365467,NDM_M1
NDM_M1 (129),c:\Users\noppa\OneDrive\Desktop\mango\data\jpg\NDM_M1\NDM_M1 (129).jpg,17,0.09638944357493658,6,45.11069134869663,0.0003054671056182201,0.0001606490726248943,2.1634980988593155,0.5648405102507589,0.9432574289652864,NDM_M1
NDM_M1 (13),c:\Users\noppa\OneDrive\Desktop\mango\data\jpg\NDM_M1\NDM_M1 (13).jpg,21,0.12883041294974834,4,85.45708464870063,0.0007528923451718827,0.00032207603237437084,2.033214709371293,0.632216182770421,0.9644136112529945,NDM_M1
NDM_M1 (130),c:\Users\noppa\OneDrive\Desktop\mango\data\jpg\NDM_M1\NDM_M1 (130).jpg,17,0.06681346199512121,4,44.70209183343048,0.00023638365390842562,0.00016703365498780303,0.46252927400468385,0.5622155245555588,0.9433212158318346,NDM_M1
NDM_M1 (131),c:\Users\noppa\OneDrive\Desktop\mango\data\jpg\NDM_M1\NDM_M1 (131).jpg,20,0.08419573933539395,4,85.35849600295361,0.00042435553114229303,0.00021048934833848488,2.2190352020860495,0.5819856201249195,0.955232621728315,NDM_M1
NDM_M1 (132),c:\Users\noppa\OneDrive\Desktop\mango\data\jpg\NDM_M1\NDM_M1 (132).jpg,20,0.07372580977390376,3,85.47680338395838,0.0003984570482436936,0.0002457526992463459,0.45011737089201875,0.5807155954336379,0.9549670229640821,NDM_M1
NDM_M1 (133),c:\Users\noppa\OneDrive\Desktop\mango\data\jpg\NDM_M1\NDM_M1 (133).jpg,22,0.0572055966892824,2,95.33706821316967,0.0003085498719067594,0.000286027983446412,2.193717277486911,0.5711385097849271,0.9533098357428047,NDM_M1
NDM_M1 (134),c:\Users\noppa\OneDrive\Desktop\mango\data\jpg\NDM_M1\NDM_M1 (134).jpg,22,0.047738984848501906,2,95.30108775078449,0.00025333187714417286,0.00023869492424250953,0.4552505966587112,0.5792069979512688,0.9535359523819771,NDM_M1
NDM_M1 (135),c:\Users\noppa\OneDrive\Desktop\mango\data\jpg\NDM_M1\NDM_M1 (135).jpg,22,0.05792867217408825,3,85.45696487339647,0.0002665558465981597,0.0001930955739136275,2.0611995104039167,0.6108790731556263,0.9657770618870807,NDM_M1
NDM_M1 (136),c:\Users\noppa\OneDrive\Desktop\mango\data\jpg\NDM_M1\NDM_M1 (136).jpg,23,0.06714732963463459,4,85.61672723915362,0.00025390084018096207,0.00016786832408658648,0.4851543942992874,0.6086312576787957,0.9653644065130261,NDM_M1
NDM_M1 (137),c:\Users\noppa\OneDrive\Desktop\mango\data\jpg\NDM_M1\NDM_M1 (137).jpg,21,0.08556759840273817,3,89.5939164821565,0.0004776315662254537,0.0002852253280091272,2.057142857142857,0.6096204336981654,0.9677244098769784,NDM_M1
NDM_M1 (138),c:\Users\noppa\OneDrive\Desktop\mango\data\jpg\NDM_M1\NDM_M1 (138).jpg,22,0.08545661771600756,3,89.69097378975933,0.0004640178337520772,0.00028485539238669186,0.48582995951417,0.6049864930881816,0.9680006788516156,NDM_M1
NDM_M1 (139),c:\Users\noppa\OneDrive\Desktop\mango\data\jpg\NDM_M1\NDM_M1 (139).jpg,30,0.03703190796391184,1,95.62818323100832,0.0003703190796391184,0.0003703190796391184,2.0864197530864197,0.6629197527397374,0.9882936655063095,NDM_M1
NDM_M1 (14),c:\Users\noppa\OneDrive\Desktop\mango\data\jpg\NDM_M1\NDM_M1 (14).jpg,21,0.13621162040151716,4,85.71152777371516,0.0008141496280262478,0.0003405290510037929,0.4921190893169877,0.6292152125270568,0.96437595863592,NDM_M1
NDM_M1 (140),c:\Users\noppa\OneDrive\Desktop\mango\data\jpg\NDM_M1\NDM_M1 (140).jpg,29,0.03435989062272429,1,95.76993848041076,0.00034359890622724296,0.00034359890622724296,0.48104265402843605,0.6608667115191194,0.9886748687040693,NDM_M1
NDM_M1 (141),c:\Users\noppa\OneDrive\Desktop\mango\data\jpg\NDM_M1\NDM_M1 (141).jpg,24,0.0,0,93.18300390162264,0.0,0.0,2.132315521628499,0.6439129133496381,0.9877126481817271,NDM_M1
NDM_M1 (142),c:\Users\noppa\OneDrive\Desktop\mango\data\jpg\NDM_M1\NDM_M1 (142).jpg,25,0.0,0,93.28462568527098,0.0,0.0,0.46897374701670647,0.6354730004232093,0.9872106107860539,NDM_M1
NDM_M1 (143),c:\Users\noppa\OneDrive\Desktop\mango\data\jpg\NDM_M1\NDM_M1 (143).jpg,18,0.07269232256389578,5,54.75808812563178,0.0002319967741400929,0.00014538464512779155,2.0744010088272384,0.6382828931918016,0.9823623960214933,NDM_M1
NDM_M1 (144),c:\Users\noppa\OneDrive\Desktop\mango\data\jpg\NDM_M1\NDM_M1 (144).jpg,19,0.07688161115578689,5,55.166974487676846,0.00024080734528680376,0.00015376322231157376,0.48206686930091186,0.6381780133267545,0.9818406884214691,NDM_M1
NDM_M1 (145),c:\Users\noppa\OneDrive\Desktop\mango\data\jpg\NDM_M1\NDM_M1 (145).jpg,20,0.3146821710072827,8,23.82518656157281,0.0018484901677876774,0.00039335271375910333,2.1474358974358974,0.5928843587890396,0.975985251650003,NDM_M1
NDM_M1 (146),c:\Users\noppa\OneDrive\Desktop\mango\data\jpg\NDM_M1\NDM_M1 (146).jpg,20,0.2946100481923844,7,24.43744350365588,0.0018881145063891014,0.00042087149741769207,0.46539379474940334,0.6059086622659515,0.976556112380747,NDM_M1
NDM_M1 (147),c:\Users\noppa\OneDrive\Desktop\mango\data\jpg\NDM_M1\NDM_M1 (147).jpg,13,0.08429793795108335,5,84.06584774145453,0.0003467267370738647,0.00016859587590216672,2.0521739130434784,0.6288271741445746,0.9673987710729478,NDM_M1
NDM_M1 (148),c:\Users\noppa\OneDrive\Desktop\mango\data\jpg\NDM_M1\NDM_M1 (148).jpg,12,0.07061756796128597,4,83.6003695508311,0.0002729390663534366,0.00017654391990321494,0.4881889763779528,0.6301821293056884,0.9670676783272125,NDM_M1
NDM_M1 (149),c:\Users\noppa\OneDrive\Desktop\mango\data\jpg\NDM_M1\NDM_M1 (149).jpg,19,0.0,0,91.188500014871,0.0,0.0,1.9777777777777779,0.6431407680570989,0.9704311055720773,NDM_M1
NDM_M1 (15),c:\Users\noppa\OneDrive\Desktop\mango\data\jpg\NDM_M1\NDM_M1 (15).jpg,19,0.16397186910885891,4,12.435726549920515,0.0006045255326813094,0.0004099296727721473,2.0831265508684864,0.5966513760982882,0.94504230846842,NDM_M1
NDM_M1 (150),c:\Users\noppa\OneDrive\Desktop\mango\data\jpg\NDM_M1\NDM_M1 (150).jpg,18,0.0,0,91.37913998609012,0.0,0.0,0.5053191489361702,0.6431213826660177,0.9703599383509102,NDM_M1
NDM_M1 (151),c:\Users\noppa\OneDrive\Desktop\mango\data\jpg\NDM_M1\NDM_M1 (151).jpg,4,0.07396473150274145,3,7.194021113760927,0.0005568487643134964,0.0002465491050091382,2.098360655737705,0.6249386449581096,0.9707008837424181,NDM_M1
NDM_M1 (152),c:\Users\noppa\OneDrive\Desktop\mango\data\jpg\NDM_M1\NDM_M1 (152).jpg,4,0.07481241421140002,5,7.115844064723305,0.00022929793621290684,0.00014962482842280003,0.47745039085989177,0.6247504953375163,0.9708900650582605,NDM_M1
NDM_M1 (153),c:\Users\noppa\OneDrive\Desktop\mango\data\jpg\NDM_M1\NDM_M1 (153).jpg,5,0.0860052535128942,5,20.681275065871514,0.0003079575626374539,0.0001720105070257884,2.0971357409713574,0.6251100268127151,0.9725518108756194,NDM_M1
NDM_M1 (154),c:\Users\noppa\OneDrive\Desktop\mango\data\jpg\NDM_M1\NDM_M1 (154).jpg,5,0.07354281893879536,4,20.630584088008266,0.00024109078384894345,0.0001838570473469884,0.47771836007130125,0.6253040993858523,0.9724388133760468,NDM_M1
NDM_M1 (155),c:\Users\noppa\OneDrive\Desktop\mango\data\jpg\NDM_M1\NDM_M1 (155).jpg,18,0.07099661651099243,2,84.83697899151053,0.0003796932801521666,0.0003549830825549621,2.1443298969072164,0.5855678414235286,0.952130526027621,NDM_M1
NDM_M1 (156),c:\Users\noppa\OneDrive\Desktop\mango\data\jpg\NDM_M1\NDM_M1 (156).jpg,18,0.07761925825397648,3,85.17062376234044,0.0003350644999162339,0.0002587308608465883,0.46694711538461536,0.5892258069881202,0.9521888682043753,NDM_M1
NDM_M1 (157),c:\Users\noppa\OneDrive\Desktop\mango\data\jpg\NDM_M1\NDM_M1 (157).jpg,23,0.04750443719771761,2,87.67804630375166,0.0003878802670272355,0.00023752218598858805,2.074441687344913,0.6148757374591515,0.960115961110782,NDM_M1
NDM_M1 (158),c:\Users\noppa\OneDrive\Desktop\mango\data\jpg\NDM_M1\NDM_M1 (158).jpg,23,0.03692866775746036,2,87.81724340022615,0.00028105003780014076,0.00018464333878730177,0.4820574162679426,0.6150336329254036,0.9599341299701825,NDM_M1
NDM_M1 (159),c:\Users\noppa\OneDrive\Desktop\mango\data\jpg\NDM_M1\NDM_M1 (159).jpg,22,0.09205031937840252,3,90.5641291205958,0.0007065602583991803,0.0003068343979280084,2.1188369152970923,0.6097059133325606,0.9554856022998082,NDM_M1
NDM_M1 (16),c:\Users\noppa\OneDrive\Desktop\mango\data\jpg\NDM_M1\NDM_M1 (16).jpg,19,0.16370832878903552,3,12.568959719344166,0.0009747518813392954,0.0005456944292967851,0.481216457960644,0.6005778831300982,0.9454340449235621,NDM_M1
NDM_M1 (160),c:\Users\noppa\OneDrive\Desktop\mango\data\jpg\NDM_M1\NDM_M1 (160).jpg,22,0.07941313256289433,2,90.73794982494012,0.0006888321443300778,0.0003970656628144716,0.47195704057279236,0.6068653749344792,0.9551818596066096,NDM_M1
NDM_M1 (161),c:\Users\noppa\OneDrive\Desktop\mango\data\jpg\NDM_M1\NDM_M1 (161).jpg,28,0.1504427124754785,4,93.44138257073679,0.0007268084053514306,0.00037610678118869627,2.1483375959079285,0.5978195570276656,0.9580953683935896,NDM_M1
NDM_M1 (162),c:\Users\noppa\OneDrive\Desktop\mango\data\jpg\NDM_M1\NDM_M1 (162).jpg,28,0.15701637961304626,5,93.53196310225499,0.0007099967095020307,0.00031403275922609254,0.46519928613920286,0.6026665964157809,0.9579248130024078,NDM_M1
NDM_M1 (163),c:\Users\noppa\OneDrive\Desktop\mango\data\jpg\NDM_M1\NDM_M1 (163).jpg,16,0.10987684684192309,7,70.51121768595945,0.00020836749193856916,0.00015696692405989013,2.2357615894039733,0.5894115264558166,0.9507737040964953,NDM_M1
NDM_M1 (164),c:\Users\noppa\OneDrive\Desktop\mango\data\jpg\NDM_M1\NDM_M1 (164).jpg,15,0.10528951771709559,6,71.33916883885581,0.00021854689082899845,0.00017548252952849267,0.44813278008298757,0.5885047600522183,0.9507134668840092,NDM_M1
NDM_M1 (165),c:\Users\noppa\OneDrive\Desktop\mango\data\jpg\NDM_M1\NDM_M1 (165).jpg,22,0.07717068250054658,5,93.19361074371757,0.00025002002324861516,0.00015434136500109316,2.2018348623853212,0.6100395518521159,0.9664879869467886,NDM_M1
NDM_M1 (166),c:\Users\noppa\OneDrive\Desktop\mango\data\jpg\NDM_M1\NDM_M1 (166).jpg,22,0.0759807688561106,5,93.09603233187362,0.0002002342199199496,0.00015196153771222123,0.45416666666666666,0.6054692707753161,0.966421154861118,NDM_M1
NDM_M1 (167),c:\Users\noppa\OneDrive\Desktop\mango\data\jpg\NDM_M1\NDM_M1 (167).jpg,19,0.17704375834283584,7,93.04233161657812,0.0006614821740281778,0.00025291965477547976,2.1057934508816123,0.6244389741234652,0.956228729563292,NDM_M1
NDM_M1 (168),c:\Users\noppa\OneDrive\Desktop\mango\data\jpg\NDM_M1\NDM_M1 (168).jpg,19,0.17895254407624936,6,93.06429215947956,0.0008385698925312167,0.00029825424012708225,0.4748803827751196,0.6227102918209355,0.9567030388421682,NDM_M1
NDM_M1 (169),c:\Users\noppa\OneDrive\Desktop\mango\data\jpg\NDM_M1\NDM_M1 (169).jpg,20,0.16229932417154486,6,59.295831972464384,0.0007104992086023667,0.00027049887361924144,2.099264705882353,0.6187788452387782,0.9591894293551753,NDM_M1
NDM_M1 (17),c:\Users\noppa\OneDrive\Desktop\mango\data\jpg\NDM_M1\NDM_M1 (17).jpg,18,0.12495692030204285,7,4.644765326569907,0.00030129992343680027,0.0001785098861457755,2.168152866242038,0.5991644327963835,0.9463488477113973,NDM_M1
NDM_M1 (170),c:\Users\noppa\OneDrive\Desktop\mango\data\jpg\NDM_M1\NDM_M1 (170).jpg,20,0.16506457913053263,7,58.48992533414778,0.0004661592496443526,0.00023580654161504662,0.4763572679509632,0.6209167681425499,0.9593085269476228,NDM_M1
NDM_M1 (171),c:\Users\noppa\OneDrive\Desktop\mango\data\jpg\NDM_M1\NDM_M1 (171).jpg,17,0.13170435837449096,4,65.92649225013633,0.0008277394659449431,0.0003292608959362274,2.026221692491061,0.6333051785144583,0.9653143313233916,NDM_M1
NDM_M1 (172),c:\Users\noppa\OneDrive\Desktop\mango\data\jpg\NDM_M1\NDM_M1 (172).jpg,16,0.13721000878714915,6,65.90626904986657,0.0005861497403611498,0.00022868334797858194,0.4929411764705882,0.633102181725776,0.9656182191186333,NDM_M1
NDM_M1 (173),c:\Users\noppa\OneDrive\Desktop\mango\data\jpg\NDM_M1\NDM_M1 (173).jpg,19,0.05249726853110938,4,59.04616063974649,0.00023405821890223853,0.00013124317132777344,1.9495412844036697,0.6469281170570801,0.9694009032515768,NDM_M1
NDM_M1 (174),c:\Users\noppa\OneDrive\Desktop\mango\data\jpg\NDM_M1\NDM_M1 (174).jpg,19,0.05097569179604038,4,58.94997654928677,0.00018476319517152183,0.00012743922949010097,0.5138316656856975,0.643946312653485,0.9686875676769255,NDM_M1
NDM_M1 (175),c:\Users\noppa\OneDrive\Desktop\mango\data\jpg\NDM_M1\NDM_M1 (175).jpg,22,0.2658528822571284,9,31.003064172891744,0.0005658214708445926,0.00029539209139680934,2.001166861143524,0.605063755178279,0.9570833559850035,NDM_M1
NDM_M1 (176),c:\Users\noppa\OneDrive\Desktop\mango\data\jpg\NDM_M1\NDM_M1 (176).jpg,22,0.2378179398124077,9,31.365451406942164,0.0004440238753821517,0.0002642421553471197,0.4994172494172494,0.6083166499141667,0.9571023317993445,NDM_M1
NDM_M1 (177),c:\Users\noppa\OneDrive\Desktop\mango\data\jpg\NDM_M1\NDM_M1 (177).jpg,20,0.10660762664003863,5,46.170003355787095,0.0003734336249866996,0.00021321525328007727,2.009467455621302,0.6105145304727461,0.9593069684738909,NDM_M1
NDM_M1 (178),c:\Users\noppa\OneDrive\Desktop\mango\data\jpg\NDM_M1\NDM_M1 (178).jpg,20,0.1310290227751149,6,45.35251000873527,0.0005134782937791389,0.00021838170462519152,0.4973513831665686,0.6104793688162558,0.9591617544701316,NDM_M1
NDM_M1 (179),c:\Users\noppa\OneDrive\Desktop\mango\data\jpg\NDM_M1\NDM_M1 (179).jpg,18,0.1061299452038297,4,78.90981857908456,0.0005655962631936619,0.0002653248630095743,2.0551558752997603,0.6084430950311752,0.9590952307135845,NDM_M1
NDM_M1 (18),c:\Users\noppa\OneDrive\Desktop\mango\data\jpg\NDM_M1\NDM_M1 (18).jpg,19,0.13232956766496587,8,4.595538750491208,0.00030839080850993605,0.00016541195958120735,0.4606345475910693,0.5994858246723531,0.9465918874496145,NDM_M1
NDM_M1 (180),c:\Users\noppa\OneDrive\Desktop\mango\data\jpg\NDM_M1\NDM_M1 (180).jpg,19,0.11504065128060673,5,78.9948672516896,0.0005687523787611305,0.00023008130256121345,0.4871645274212369,0.607731685750744,0.9584513092486922,NDM_M1
NDM_M1 (181),c:\Users\noppa\OneDrive\Desktop\mango\data\jpg\NDM_M1\NDM_M1 (181).jpg,20,0.22756284013272265,11,25.22596464166328,0.00045265105037727797,0.00020687530921156605,2.0983810709838107,0.6170256757506623,0.961092925259709,NDM_M1
NDM_M1 (182),c:\Users\noppa\OneDrive\Desktop\mango\data\jpg\NDM_M1\NDM_M1 (182).jpg,21,0.21652788260476857,11,24.981440467205303,0.00044027336129636276,0.0001968435296406987,0.47743467933491684,0.6137441543504684,0.9608783168324204,NDM_M1
NDM_M1 (183),c:\Users\noppa\OneDrive\Desktop\mango\data\jpg\NDM_M1\NDM_M1 (183).jpg,22,0.0479557458382936,3,93.32806319668131,0.0002360321865478513,0.00015985248612764531,1.943089430894309,0.6918135780597245,0.9892897043308583,NDM_M1
NDM_M1 (184),c:\Users\noppa\OneDrive\Desktop\mango\data\jpg\NDM_M1\NDM_M1 (184).jpg,23,0.046438947296476164,3,93.18133940784725,0.0002247045836926266,0.0001547964909882539,0.5155502392344498,0.6905346093252935,0.9892997909789193,NDM_M1
NDM_M1 (185),c:\Users\noppa\OneDrive\Desktop\mango\data\jpg\NDM_M1\NDM_M1 (185).jpg,24,0.09704677970381007,5,52.81089378593777,0.00040764907463660056,0.00019409355940762016,1.9489216799091942,0.6655885944913663,0.986132661019496,NDM_M1
NDM_M1 (186),c:\Users\noppa\OneDrive\Desktop\mango\data\jpg\NDM_M1\NDM_M1 (186).jpg,24,0.10562540760012061,7,53.06909742431786,0.0002647209385496799,0.00015089343942874373,0.5134032634032634,0.657002235907207,0.9859163770547725,NDM_M1
NDM_M1 (187),c:\Users\noppa\OneDrive\Desktop\mango\data\jpg\NDM_M1\NDM_M1 (187).jpg,20,0.0958516564908999,5,92.52450026431819,0.0003218291981573245,0.0001917033129817998,2.187979539641944,0.5513141709456479,0.9454868944165712,NDM_M1
NDM_M1 (188),c:\Users\noppa\OneDrive\Desktop\mango\data\jpg\NDM_M1\NDM_M1 (188).jpg,20,0.10699324583353664,5,92.52197369429905,0.0002904268345101429,0.00021398649166707326,0.4570426651081239,0.5515309345462708,0.9453822166108773,NDM_M1
NDM_M1 (189),c:\Users\noppa\OneDrive\Desktop\mango\data\jpg\NDM_M1\NDM_M1 (189).jpg,19,0.09417173442731945,4,92.0295896398508,0.00033662724667226664,0.00023542933606829862,1.9870435806831566,0.5886726576858577,0.9521171672117107,NDM_M1
NDM_M1 (19),c:\Users\noppa\OneDrive\Desktop\mango\data\jpg\NDM_M1\NDM_M1 (19).jpg,20,0.07542523274509828,3,45.74534233857467,0.00041453217346086536,0.0002514174424836609,2.326145552560647,0.55819779310693,0.9598621620569263,NDM_M1
NDM_M1 (190),c:\Users\noppa\OneDrive\Desktop\mango\data\jpg\NDM_M1\NDM_M1 (190).jpg,18,0.09906376876314953,4,92.12228138093846,0.00033755061948925025,0.0002476594219078738,0.5023668639053255,0.5834351130266061,0.9520162092805332,NDM_M1
NDM_M1 (191),c:\Users\noppa\OneDrive\Desktop\mango\data\jpg\NDM_M1\NDM_M1 (191).jpg,24,0.05283473002920586,4,4.709629129547823,0.00020232347015152247,0.00013208682507301467,2.0566948130277445,0.62060965222075,0.9678714491957949,NDM_M1
NDM_M1 (192),c:\Users\noppa\OneDrive\Desktop\mango\data\jpg\NDM_M1\NDM_M1 (192).jpg,24,0.06393272181510239,5,4.5335636308755225,0.0002096154813609914,0.00012786544363020477,0.48621700879765395,0.6228802388360422,0.9682416368898117,NDM_M1
NDM_M1 (193),c:\Users\noppa\OneDrive\Desktop\mango\data\jpg\NDM_M1\NDM_M1 (193).jpg,19,0.08095799976536723,3,15.78942775783184,0.0003694011725820948,0.0002698599992178908,2.036860879904875,0.6337409673194335,0.9694153444534852,NDM_M1
NDM_M1 (194),c:\Users\noppa\OneDrive\Desktop\mango\data\jpg\NDM_M1\NDM_M1 (194).jpg,19,0.07678205626612351,3,15.698149571833394,0.00034125358340499334,0.000255940187553745,0.49182242990654207,0.6247336114724757,0.9688091119723095,NDM_M1
NDM_M1 (195),c:\Users\noppa\OneDrive\Desktop\mango\data\jpg\NDM_M1\NDM_M1 (195).jpg,25,0.16495116025333398,7,89.06781612411041,0.0007166175650927622,0.00023564451464761998,2.0625766871165645,0.6006573597612528,0.969998781501201,NDM_M1
NDM_M1 (196),c:\Users\noppa\OneDrive\Desktop\mango\data\jpg\NDM_M1\NDM_M1 (196).jpg,25,0.1900547684709142,6,89.11449751111073,0.0007550562957927661,0.0003167579474515237,0.4845422116527943,0.6047277670286622,0.97002732487536,NDM_M1
NDM_M1 (197),c:\Users\noppa\OneDrive\Desktop\mango\data\jpg\NDM_M1\NDM_M1 (197).jpg,23,0.13470454928406853,4,61.919885344940205,0.0004875111938249844,0.0003367613732101713,2.0728155339805827,0.623361726104149,0.9701658790559345,NDM_M1
NDM_M1 (198),c:\Users\noppa\OneDrive\Desktop\mango\data\jpg\NDM_M1\NDM_M1 (198).jpg,23,0.15008237497314889,3,62.05499298322314,0.0006519972027522041,0.0005002745832438295,0.4809830310122879,0.6238590701607831,0.970619336112034,NDM_M1
NDM_M1 (199),c:\Users\noppa\OneDrive\Desktop\mango\data\jpg\NDM_M1\NDM_M1 (199).jpg,28,0.12743058077582045,4,1.1725108844729095,0.0007359570004571692,0.0003185764519395511,2.1007462686567164,0.6091790343789782,0.960955343812375,NDM_M1
NDM_M1 (2),c:\Users\noppa\OneDrive\Desktop\mango\data\jpg\NDM_M1\NDM_M1 (2).jpg,22,0.12427397260273973,4,71.39572602739726,0.0006016438356164384,0.00031068493150684934,0.4576470588235294,0.6034070206637734,0.9598652159406975,NDM_M1
NDM_M1 (20),c:\Users\noppa\OneDrive\Desktop\mango\data\jpg\NDM_M1\NDM_M1 (20).jpg,20,0.0729646838667113,3,45.91833105855201,0.00037769954001591735,0.0002432156128890377,0.42997685185185186,0.5600635564694939,0.9601560384041881,NDM_M1
NDM_M1 (200),c:\Users\noppa\OneDrive\Desktop\mango\data\jpg\NDM_M1\NDM_M1 (200).jpg,28,0.12208512419998462,4,1.2086747729195328,0.0007295200334959711,0.00030521281049996154,0.4774881516587678,0.6081974346141311,0.9610435966910048,NDM_M1
NDM_M1 (201),c:\Users\noppa\OneDrive\Desktop\mango\data\jpg\NDM_M1\NDM_M1 (201).jpg,19,0.05608696985763549,3,0.2041916246379542,0.00026181222257763443,0.0001869565661921183,2.17578125,0.607264521908305,0.9562262823911024,NDM_M1
NDM_M1 (202),c:\Users\noppa\OneDrive\Desktop\mango\data\jpg\NDM_M1\NDM_M1 (202).jpg,18,0.06253210108954793,2,0.19394807535830016,0.00031977887072063047,0.0003126605054477397,0.46020347097546377,0.607836103728086,0.9561330285361709,NDM_M1
NDM_M1 (203),c:\Users\noppa\OneDrive\Desktop\mango\data\jpg\NDM_M1\NDM_M1 (203).jpg,14,0.08997207346032814,4,68.30101268078282,0.00035416879772892006,0.00022493018365082036,2.0314389359129383,0.5829274805814033,0.9476296398042732,NDM_M1
NDM_M1 (204),c:\Users\noppa\OneDrive\Desktop\mango\data\jpg\NDM_M1\NDM_M1 (204).jpg,13,0.09280273042346193,4,68.16811368554389,0.00047940746996006403,0.00023200682605865484,0.493452380952381,0.5828285778146566,0.9469970379700208,NDM_M1
NDM_M1 (205),c:\Users\noppa\OneDrive\Desktop\mango\data\jpg\NDM_M1\NDM_M1 (205).jpg,19,0.0676840367574734,3,61.92574492664702,0.00031321297516929053,0.00022561345585824468,2.104325699745547,0.618214608477607,0.9562020238564481,NDM_M1
NDM_M1 (206),c:\Users\noppa\OneDrive\Desktop\mango\data\jpg\NDM_M1\NDM_M1 (206).jpg,17,0.0621104020441724,3,62.212203031287984,0.0003314700212720082,0.00020703467348057468,0.4752116082224909,0.6139253025780564,0.9560232157217402,NDM_M1
NDM_M1 (207),c:\Users\noppa\OneDrive\Desktop\mango\data\jpg\NDM_M1\NDM_M1 (207).jpg,25,0.2286254154871361,10,0.8619889035267247,0.00037951360344153486,0.0002286254154871361,2.043914680050188,0.6083407841206129,0.9511123569902837,NDM_M1
NDM_M1 (208),c:\Users\noppa\OneDrive\Desktop\mango\data\jpg\NDM_M1\NDM_M1 (208).jpg,25,0.23785724438656905,9,0.9699990371080227,0.0007107059832273388,0.0002642858270961878,0.48987108655616945,0.605648788637145,0.9512628110173793,NDM_M1
NDM_M1 (209),c:\Users\noppa\OneDrive\Desktop\mango\data\jpg\NDM_M1\NDM_M1 (209).jpg,23,0.2726852428989445,7,1.9493362990389267,0.0009707908755473582,0.0003895503469984921,2.059322033898305,0.6278166210387303,0.9576519633768603,NDM_M1
NDM_M1 (21),c:\Users\noppa\OneDrive\Desktop\mango\data\jpg\NDM_M1\NDM_M1 (21).jpg,19,0.14136940816571614,4,57.884136077009465,0.0008048154086334361,0.00035342352041429034,2.261658031088083,0.5838041479223897,0.9631487278868474,NDM_M1
NDM_M1 (210),c:\Users\noppa\OneDrive\Desktop\mango\data\jpg\NDM_M1\NDM_M1 (210).jpg,23,0.25891174623115576,7,2.1194841394472363,0.0009176743090452261,0.00036987392318736537,0.48559670781893005,0.6230390761291988,0.9575139872470395,NDM_M1
NDM_M1 (211),c:\Users\noppa\OneDrive\Desktop\mango\data\jpg\NDM_M1\NDM_M1 (211).jpg,22,0.1957893341532872,9,86.77063855354925,0.0006421281713906367,0.00021754370461476354,2.060122699386503,0.6163944197672094,0.9599812283808904,NDM_M1
NDM_M1 (212),c:\Users\noppa\OneDrive\Desktop\mango\data\jpg\NDM_M1\NDM_M1 (212).jpg,22,0.18049424145177317,9,86.7863445572081,0.0005256270328679797,0.00020054915716863686,0.4854079809410363,0.613524641426783,0.9597143280882166,NDM_M1
NDM_M1 (213),c:\Users\noppa\OneDrive\Desktop\mango\data\jpg\NDM_M1\NDM_M1 (213).jpg,24,0.3767796428652561,12,80.57231994790207,0.0010904217054498368,0.00031398303572104677,2.118471337579618,0.6019603603364733,0.9582676281951396,NDM_M1
NDM_M1 (214),c:\Users\noppa\OneDrive\Desktop\mango\data\jpg\NDM_M1\NDM_M1 (214).jpg,25,0.37146009562339094,13,80.3577223460182,0.0007225839949808537,0.0002857385350949161,0.4723557692307692,0.6058263395016421,0.9582689086541583,NDM_M1
NDM_M1 (215),c:\Users\noppa\OneDrive\Desktop\mango\data\jpg\NDM_M1\NDM_M1 (215).jpg,24,0.14308494414774392,8,91.1590289874949,0.00040325799709736124,0.0001788561801846799,1.9335624284077892,0.6213965868433106,0.9702054327699445,NDM_M1
NDM_M1 (216),c:\Users\noppa\OneDrive\Desktop\mango\data\jpg\NDM_M1\NDM_M1 (216).jpg,24,0.16354317621726067,9,90.99489106673543,0.0005557193034165991,0.00018171464024140072,0.5180794309425015,0.6301797204203664,0.9706612479234289,NDM_M1
NDM_M1 (217),c:\Users\noppa\OneDrive\Desktop\mango\data\jpg\NDM_M1\NDM_M1 (217).jpg,21,0.08949262486673708,4,74.28068050432198,0.00045046623255069,0.0002237315621668427,2.015606242496999,0.6057947968625852,0.9684214411891415,NDM_M1
NDM_M1 (218),c:\Users\noppa\OneDrive\Desktop\mango\data\jpg\NDM_M1\NDM_M1 (218).jpg,21,0.09137840266949043,5,74.35669804692427,0.0004303692568223536,0.00018275680533898084,0.49523809523809526,0.6077000737028735,0.9687656361274577,NDM_M1
NDM_M1 (219),c:\Users\noppa\OneDrive\Desktop\mango\data\jpg\NDM_M1\NDM_M1 (219).jpg,28,0.06663347757821775,2,0.274740003610681,0.00043109343457828884,0.0003331673878910887,2.0763358778625953,0.6351157767593585,0.9642186389117214,NDM_M1
NDM_M1 (22),c:\Users\noppa\OneDrive\Desktop\mango\data\jpg\NDM_M1\NDM_M1 (22).jpg,19,0.14101698628059536,5,58.57902480277105,0.0006813890225806214,0.00028203397256119076,0.4419004006868918,0.589124031856778,0.9626745953370802,NDM_M1
NDM_M1 (220),c:\Users\noppa\OneDrive\Desktop\mango\data\jpg\NDM_M1\NDM_M1 (220).jpg,28,0.08324919075441707,2,0.24340269307303286,0.0006049514124466839,0.0004162459537720854,0.4807103490508267,0.6347064719297021,0.9641678645414958,NDM_M1
NDM_M1 (221),c:\Users\noppa\OneDrive\Desktop\mango\data\jpg\NDM_M1\NDM_M1 (221).jpg,27,0.14498860049568574,6,0.07455349741438755,0.0007170230133763336,0.00024164766749280953,2.2213225371120107,0.6438998470171802,0.9714180572337844,NDM_M1
NDM_M1 (222),c:\Users\noppa\OneDrive\Desktop\mango\data\jpg\NDM_M1\NDM_M1 (222).jpg,27,0.14662586336665226,6,0.08107175166709067,0.0007262677753510206,0.00024437643894442045,0.45045592705167176,0.6434988052874874,0.971640076776221,NDM_M1
NDM_M1 (223),c:\Users\noppa\OneDrive\Desktop\mango\data\jpg\NDM_M1\NDM_M1 (223).jpg,20,0.022030344203943317,2,10.561416216640177,0.00012110922206356274,0.00011015172101971658,2.1918528252299607,0.5871373114002559,0.9638474210194699,NDM_M1
NDM_M1 (224),c:\Users\noppa\OneDrive\Desktop\mango\data\jpg\NDM_M1\NDM_M1 (224).jpg,20,0.02467319545552022,2,10.767428614911372,0.0001510368506856612,0.0001233659772776011,0.45656081485919714,0.587980307923987,0.9638869830973616,NDM_M1
NDM_M1 (225),c:\Users\noppa\OneDrive\Desktop\mango\data\jpg\NDM_M1\NDM_M1 (225).jpg,20,0.29453265043324917,6,6.776926414530278,0.0009724695725205225,0.0004908877507220819,2.225201072386059,0.5745360979831843,0.9583164111533878,NDM_M1
NDM_M1 (226),c:\Users\noppa\OneDrive\Desktop\mango\data\jpg\NDM_M1\NDM_M1 (226).jpg,20,0.3221413444574826,6,6.676931772323988,0.0011234243276026289,0.000536902240762471,0.4493975903614458,0.5766753963002341,0.9582517505168618,NDM_M1
NDM_M1 (227),c:\Users\noppa\OneDrive\Desktop\mango\data\jpg\NDM_M1\NDM_M1 (227).jpg,23,0.1351226193899984,6,0.010431544209761782,0.0005859213149595168,0.00022520436564999732,1.9078947368421053,0.6999046470179394,0.9845429651907788,NDM_M1
NDM_M1 (228),c:\Users\noppa\OneDrive\Desktop\mango\data\jpg\NDM_M1\NDM_M1 (228).jpg,23,0.1228270098544305,6,0.010917956431504932,0.00046888723603159577,0.0002047116830907175,0.5257214554579673,0.7020954293270691,0.9853066558375947,NDM_M1
NDM_M1 (229),c:\Users\noppa\OneDrive\Desktop\mango\data\jpg\NDM_M1\NDM_M1 (229).jpg,19,0.0998198982355583,4,0.2682544018445384,0.000693553838389918,0.00024954974558889575,1.9750297265160524,0.6896608024313132,0.9808122143794655,NDM_M1
NDM_M1 (23),c:\Users\noppa\OneDrive\Desktop\mango\data\jpg\NDM_M1\NDM_M1 (23).jpg,7,0.09834920196965416,3,1.30101308578409,0.0007320562771044392,0.00032783067323218054,2.3234501347708894,0.5865891004878573,0.96430093954233,NDM_M1
NDM_M1 (230),c:\Users\noppa\OneDrive\Desktop\mango\data\jpg\NDM_M1\NDM_M1 (230).jpg,18,0.09740398023032523,4,0.3081373062799642,0.0006916423311031649,0.00024350995057581307,0.50632149307646,0.6854427195148481,0.9804623036237324,NDM_M1
NDM_M1 (231),c:\Users\noppa\OneDrive\Desktop\mango\data\jpg\NDM_M1\NDM_M1 (231).jpg,17,1.6043909931380644,30,72.2454749153354,0.0020618085275217143,0.0005347969977126881,2.209985315712188,0.6396992881805459,0.9830859999310877,NDM_M1
NDM_M1 (232),c:\Users\noppa\OneDrive\Desktop\mango\data\jpg\NDM_M1\NDM_M1 (232).jpg,17,1.5806657218082116,26,72.61515126251557,0.00205600841228818,0.0006079483545416199,0.45225464190981435,0.636923308847226,0.9831426803429766,NDM_M1
NDM_M1 (233),c:\Users\noppa\OneDrive\Desktop\mango\data\jpg\NDM_M1\NDM_M1 (233).jpg,17,0.1437858807373496,4,77.377838343803,0.0007001485937680765,0.00035946470184337404,2.146969696969697,0.6492648340654164,0.9833739998444923,NDM_M1
NDM_M1 (234),c:\Users\noppa\OneDrive\Desktop\mango\data\jpg\NDM_M1\NDM_M1 (234).jpg,17,0.15023587031639674,4,77.36621495748325,0.0006640425467984736,0.00037558967579099186,0.46544428772919605,0.6432984064909812,0.9829847708221535,NDM_M1
NDM_M1 (235),c:\Users\noppa\OneDrive\Desktop\mango\data\jpg\NDM_M1\NDM_M1 (235).jpg,23,2.4332882795906547,40,76.1329729033919,0.004088305335650383,0.0006083220698976636,2.1022099447513813,0.6337695755177113,0.9770037574982952,NDM_M1
NDM_M1 (236),c:\Users\noppa\OneDrive\Desktop\mango\data\jpg\NDM_M1\NDM_M1 (236).jpg,24,2.3918888135279106,42,76.10389175818307,0.004030882843136624,0.0005694973365542644,0.4756898817345598,0.6301150149731766,0.9764267654106408,NDM_M1
NDM_M1 (237),c:\Users\noppa\OneDrive\Desktop\mango\data\jpg\NDM_M1\NDM_M1 (237).jpg,9,0.044525206429181695,2,64.91245957240315,0.00028780060967268165,0.00022262603214590846,2.1782729805013927,0.6176740515045078,0.9754382356763522,NDM_M1
NDM_M1 (238),c:\Users\noppa\OneDrive\Desktop\mango\data\jpg\NDM_M1\NDM_M1 (238).jpg,10,0.04620094053758279,2,65.05621544608428,0.0002852069234303295,0.00023100470268791395,0.45873320537428025,0.6187673462391351,0.9759207773314104,NDM_M1
NDM_M1 (239),c:\Users\noppa\OneDrive\Desktop\mango\data\jpg\NDM_M1\NDM_M1 (239).jpg,32,0.0,0,93.17075528367154,0.0,0.0,2.113378684807256,0.6385326498356134,0.9684880964165927,NDM_M1
NDM_M1 (24),c:\Users\noppa\OneDrive\Desktop\mango\data\jpg\NDM_M1\NDM_M1 (24).jpg,7,0.10144571263944614,3,1.3320311500629032,0.0007141244245013643,0.00033815237546482046,0.4309744779582367,0.5861891892427923,0.9640181617903871,NDM_M1
NDM_M1 (240),c:\Users\noppa\OneDrive\Desktop\mango\data\jpg\NDM_M1\NDM_M1 (240).jpg,32,0.0,0,93.50287262124533,0.0,0.0,0.47419354838709676,0.6394136723556264,0.9687724372093648,NDM_M1
NDM_M1 (241),c:\Users\noppa\OneDrive\Desktop\mango\data\jpg\NDM_M1\NDM_M1 (241).jpg,24,0.03309385669103324,1,0.04105313868001592,0.0003309385669103324,0.0003309385669103324,1.9370748299319729,0.6446735568322133,0.9756058825397834,NDM_M1
NDM_M1 (242),c:\Users\noppa\OneDrive\Desktop\mango\data\jpg\NDM_M1\NDM_M1 (242).jpg,25,0.03391924288899823,1,0.06616346143779901,0.00033919242888998233,0.00033919242888998233,0.515817223198594,0.6147317109518674,0.9619391490973362,NDM_M1
NDM_M1 (243),c:\Users\noppa\OneDrive\Desktop\mango\data\jpg\NDM_M1\NDM_M1 (243).jpg,19,0.06865650832011255,2,13.677643962135408,0.0004932706059306548,0.0003432825416005628,2.0944584382871536,0.6281375217039544,0.9662528233441793,NDM_M1
NDM_M1 (244),c:\Users\noppa\OneDrive\Desktop\mango\data\jpg\NDM_M1\NDM_M1 (244).jpg,21,0.05469015598308195,2,13.658813667048864,0.0003748070535520095,0.00027345077991540977,0.47745039085989177,0.6264796499318054,0.966590974516408,NDM_M1
NDM_M1 (25),c:\Users\noppa\OneDrive\Desktop\mango\data\jpg\NDM_M1\NDM_M1 (25).jpg,6,0.05518575866897158,2,6.4791686280479865,0.00040462879314454665,0.0002759287933448579,2.1923566878980894,0.6015901125964678,0.9683953484981752,NDM_M1
NDM_M1 (26),c:\Users\noppa\OneDrive\Desktop\mango\data\jpg\NDM_M1\NDM_M1 (26).jpg,6,0.05407056208351899,2,6.23373502420659,0.0003774926278793826,0.000270352810417595,0.4569767441860465,0.598619740500203,0.9685406208591855,NDM_M1
NDM_M1 (27),c:\Users\noppa\OneDrive\Desktop\mango\data\jpg\NDM_M1\NDM_M1 (27).jpg,26,0.09246912591350072,2,95.15202631070568,0.0007892269345483501,0.0004623456295675036,2.423512747875354,0.5643106627823323,0.9601819721509602,NDM_M1
NDM_M1 (28),c:\Users\noppa\OneDrive\Desktop\mango\data\jpg\NDM_M1\NDM_M1 (28).jpg,25,0.07453846208194286,2,95.13604152487089,0.0006217426221053053,0.00037269231040971425,0.4120397428404442,0.5638424042278132,0.960354455143663,NDM_M1
NDM_M1 (29),c:\Users\noppa\OneDrive\Desktop\mango\data\jpg\NDM_M1\NDM_M1 (29).jpg,21,0.0862192674773395,4,95.28816996370087,0.00038698688949583487,0.00021554816869334876,2.4438040345821324,0.5572921722152755,0.9591730573616113,NDM_M1
NDM_M1 (3),c:\Users\noppa\OneDrive\Desktop\mango\data\jpg\NDM_M1\NDM_M1 (3).jpg,24,0.0952008480594465,4,75.24500066897893,0.00040241655774317386,0.00023800212014861625,2.137761377613776,0.6042352898827735,0.9563172579895908,NDM_M1
NDM_M1 (30),c:\Users\noppa\OneDrive\Desktop\mango\data\jpg\NDM_M1\NDM_M1 (30).jpg,21,0.08431366092973155,3,95.26279521540553,0.0004186284977822097,0.0002810455364324385,0.40943952802359884,0.5613233068106783,0.9601486341815614,NDM_M1
NDM_M1 (31),c:\Users\noppa\OneDrive\Desktop\mango\data\jpg\NDM_M1\NDM_M1 (31).jpg,23,0.0876059303429545,2,93.5887542085455,0.000648779767162446,0.00043802965171477247,2.0289156626506024,0.6590907196897399,0.9815992030046845,NDM_M1
NDM_M1 (32),c:\Users\noppa\OneDrive\Desktop\mango\data\jpg\NDM_M1\NDM_M1 (32).jpg,23,0.0985391620865926,2,93.62945350015443,0.0007767447577475641,0.000492695810432963,0.49257278669043375,0.6617073155165991,0.980796461165083,NDM_M1
NDM_M1 (33),c:\Users\noppa\OneDrive\Desktop\mango\data\jpg\NDM_M1\NDM_M1 (33).jpg,15,0.03456691367230023,1,95.41409262304057,0.0003456691367230023,0.0003456691367230023,2.018957345971564,0.7013687458617784,0.9879288997552823,NDM_M1
NDM_M1 (34),c:\Users\noppa\OneDrive\Desktop\mango\data\jpg\NDM_M1\NDM_M1 (34).jpg,15,0.03563975623854033,1,95.69609238114278,0.00035639756238540327,0.00035639756238540327,0.4947245017584994,0.7018544760770277,0.9881345042723754,NDM_M1
NDM_M1 (35),c:\Users\noppa\OneDrive\Desktop\mango\data\jpg\NDM_M1\NDM_M1 (35).jpg,5,0.135692672371221,3,3.191752040440681,0.0010785827803866288,0.00045230890790407013,2.2164276401564535,0.6000510406043343,0.9668758506425325,NDM_M1
NDM_M1 (36),c:\Users\noppa\OneDrive\Desktop\mango\data\jpg\NDM_M1\NDM_M1 (36).jpg,6,0.12692719474065778,2,3.3804606189019397,0.0010818551346595412,0.0006346359737032889,0.4511764705882353,0.6012191838144774,0.9669412949433742,NDM_M1
NDM_M1 (37),c:\Users\noppa\OneDrive\Desktop\mango\data\jpg\NDM_M1\NDM_M1 (37).jpg,5,0.09601177744469988,4,26.199373789851556,0.0005547347141249327,0.0002400294436117497,2.2473821989528795,0.6014005254771515,0.9674240908143641,NDM_M1
NDM_M1 (38),c:\Users\noppa\OneDrive\Desktop\mango\data\jpg\NDM_M1\NDM_M1 (38).jpg,6,0.10313863560490756,2,26.50790925079967,0.000842601056131096,0.0005156931780245378,0.44644935972060534,0.60109907115881,0.9675145113603812,NDM_M1
NDM_M1 (39),c:\Users\noppa\OneDrive\Desktop\mango\data\jpg\NDM_M1\NDM_M1 (39).jpg,22,0.04378756838289921,2,89.02226524685382,0.0002566469303676355,0.00021893784191449604,2.042654028436019,0.576471625049226,0.9501280293765522,NDM_M1
NDM_M1 (4),c:\Users\noppa\OneDrive\Desktop\mango\data\jpg\NDM_M1\NDM_M1 (4).jpg,25,0.1034874020032939,5,75.58787736639992,0.0004197103381445717,0.0002069748040065878,0.4672413793103448,0.6051321315358218,0.9564586385658819,NDM_M1
NDM_M1 (40),c:\Users\noppa\OneDrive\Desktop\mango\data\jpg\NDM_M1\NDM_M1 (40).jpg,23,0.04254409166113293,2,89.37410663035037,0.0002374815698544722,0.00021272045830566467,0.48984329657574,0.5766698245457166,0.9502183780539434,NDM_M1
NDM_M1 (41),c:\Users\noppa\OneDrive\Desktop\mango\data\jpg\NDM_M1\NDM_M1 (41).jpg,5,0.0830633525087027,3,12.400171910227762,0.0005444488651830934,0.0002768778416956757,2.1506849315068495,0.5892086068011313,0.9537739063307847,NDM_M1
NDM_M1 (42),c:\Users\noppa\OneDrive\Desktop\mango\data\jpg\NDM_M1\NDM_M1 (42).jpg,15,0.07178199807185577,2,12.141027698878506,0.0005423528743206881,0.0003589099903592789,0.46469907407407407,0.5896103181256654,0.9537882927800728,NDM_M1
NDM_M1 (43),c:\Users\noppa\OneDrive\Desktop\mango\data\jpg\NDM_M1\NDM_M1 (43).jpg,14,0.15045737683001714,7,2.5786219101289083,0.0005494866548385415,0.00021493910975716737,2.302013422818792,0.5571987008799663,0.9427234565033433,NDM_M1
NDM_M1 (44),c:\Users\noppa\OneDrive\Desktop\mango\data\jpg\NDM_M1\NDM_M1 (44).jpg,16,0.13195899643200995,4,2.6375941552925184,0.0008234694455456759,0.0003298974910800249,0.43498542274052476,0.5588015021969883,0.9425282129363817,NDM_M1
NDM_M1 (45),c:\Users\noppa\OneDrive\Desktop\mango\data\jpg\NDM_M1\NDM_M1 (45).jpg,13,0.05912164736070605,3,19.08095297594196,0.0002062146806567582,0.00019707215786902014,2.0625,0.5569764950436569,0.9444349368573365,NDM_M1
NDM_M1 (46),c:\Users\noppa\OneDrive\Desktop\mango\data\jpg\NDM_M1\NDM_M1 (46).jpg,12,0.036876827333145054,2,19.653114009334,0.00019403509698707178,0.0001843841366657253,0.485131195335277,0.5558046147998799,0.9451335446338708,NDM_M1
NDM_M1 (47),c:\Users\noppa\OneDrive\Desktop\mango\data\jpg\NDM_M1\NDM_M1 (47).jpg,6,0.09440571542465266,2,6.2620468734521815,0.0008473837920544044,0.00047202857712326334,2.22976501305483,0.5706551674673176,0.95133108924682,NDM_M1
NDM_M1 (48),c:\Users\noppa\OneDrive\Desktop\mango\data\jpg\NDM_M1\NDM_M1 (48).jpg,6,0.09535254784633322,2,5.893718307808527,0.000831798821638226,0.0004767627392316661,0.44958968347010553,0.5698034071149854,0.9514191325999356,NDM_M1
NDM_M1 (49),c:\Users\noppa\OneDrive\Desktop\mango\data\jpg\NDM_M1\NDM_M1 (49).jpg,20,0.25427528705296076,4,72.73351609369591,0.0012066724559700772,0.0006356882176324019,2.2983870967741935,0.572721651593329,0.953931406921603,NDM_M1
NDM_M1 (5),c:\Users\noppa\OneDrive\Desktop\mango\data\jpg\NDM_M1\NDM_M1 (5).jpg,24,0.049472870053584,3,91.41720361818889,0.00023492147550595218,0.00016490956684527997,2.0783132530120483,0.5989840091012234,0.9606489045184721,NDM_M1
NDM_M1 (50),c:\Users\noppa\OneDrive\Desktop\mango\data\jpg\NDM_M1\NDM_M1 (50).jpg,20,0.23207727889674204,4,72.80258564729701,0.0009839168743446228,0.0005801931972418551,0.434833430742256,0.5686654308150498,0.9537300496501061,NDM_M1
NDM_M1 (51),c:\Users\noppa\OneDrive\Desktop\mango\data\jpg\NDM_M1\NDM_M1 (51).jpg,21,0.07123253877702057,4,35.53403846351517,0.00037003916247802893,0.00017808134694255142,2.1122071516646117,0.6192741192831698,0.9620826898503849,NDM_M1
NDM_M1 (52),c:\Users\noppa\OneDrive\Desktop\mango\data\jpg\NDM_M1\NDM_M1 (52).jpg,21,0.06053318534048632,3,36.188259234137014,0.00037306530184374423,0.00020177728446828776,0.47402218330414475,0.6201314910005439,0.9623905711558798,NDM_M1
NDM_M1 (53),c:\Users\noppa\OneDrive\Desktop\mango\data\jpg\NDM_M1\NDM_M1 (53).jpg,19,0.08324678310645281,3,42.25844558435278,0.0004846152016554217,0.00027748927702150937,2.1417910447761193,0.612571528855782,0.9650018806404239,NDM_M1
NDM_M1 (54),c:\Users\noppa\OneDrive\Desktop\mango\data\jpg\NDM_M1\NDM_M1 (54).jpg,19,0.08918096204458255,3,42.533868947585376,0.0004924770904017503,0.00029726987348194185,0.46747967479674796,0.6100567234619669,0.9652241083202994,NDM_M1
NDM_M1 (55),c:\Users\noppa\OneDrive\Desktop\mango\data\jpg\NDM_M1\NDM_M1 (55).jpg,21,0.16190369814853228,5,72.27574688984274,0.0007414380920468265,0.00032380739629706457,2.0935960591133007,0.6189040618447187,0.9621675869131666,NDM_M1
NDM_M1 (56),c:\Users\noppa\OneDrive\Desktop\mango\data\jpg\NDM_M1\NDM_M1 (56).jpg,20,0.16125926895088932,4,72.26712874467744,0.0007073708037753391,0.0004031481723772233,0.4773662551440329,0.6189278133177162,0.9621946410357526,NDM_M1
NDM_M1 (57),c:\Users\noppa\OneDrive\Desktop\mango\data\jpg\NDM_M1\NDM_M1 (57).jpg,15,0.11043199367076334,4,77.23918076718725,0.000642813097486533,0.00027607998417690836,2.0907990314769975,0.6260185587347238,0.9651508566836893,NDM_M1
NDM_M1 (58),c:\Users\noppa\OneDrive\Desktop\mango\data\jpg\NDM_M1\NDM_M1 (58).jpg,16,0.11080552612266939,4,77.89308575455848,0.0006049225573101111,0.00027701381530667346,0.47828604516502604,0.6297191238607499,0.9651820750219499,NDM_M1
NDM_M1 (59),c:\Users\noppa\OneDrive\Desktop\mango\data\jpg\NDM_M1\NDM_M1 (59).jpg,18,0.1598994574625417,4,71.66827766870993,0.0010646622199007782,0.00039974864365635424,2.0153482880755607,0.6220829567345384,0.9476698418912056,NDM_M1
NDM_M1 (6),c:\Users\noppa\OneDrive\Desktop\mango\data\jpg\NDM_M1\NDM_M1 (6).jpg,24,0.0464903748995778,3,91.04567505119417,0.00020407980416302891,0.000154967916331926,0.4814385150812065,0.6037424687571263,0.9603239075830701,NDM_M1
NDM_M1 (60),c:\Users\noppa\OneDrive\Desktop\mango\data\jpg\NDM_M1\NDM_M1 (60).jpg,18,0.15153667187459363,4,70.86674975344033,0.0010772606970886954,0.0003788416796864841,0.4967779730521383,0.6184324256327459,0.9475022933471092,NDM_M1
NDM_M1 (61),c:\Users\noppa\OneDrive\Desktop\mango\data\jpg\NDM_M1\NDM_M1 (61).jpg,17,0.14997155218169944,5,28.454214286532537,0.0007446073246449751,0.0002999431043633989,1.9634285714285715,0.6025443849039821,0.9409947601802502,NDM_M1
NDM_M1 (62),c:\Users\noppa\OneDrive\Desktop\mango\data\jpg\NDM_M1\NDM_M1 (62).jpg,17,0.1226470380501698,4,28.538295463873048,0.0005182672502820404,0.0003066175951254245,0.5090168702734148,0.5966836306901265,0.9410447828356463,NDM_M1
NDM_M1 (63),c:\Users\noppa\OneDrive\Desktop\mango\data\jpg\NDM_M1\NDM_M1 (63).jpg,20,0.14503044285821373,4,19.92029051898618,0.0007173436836274893,0.00036257610714553434,1.9733178654292343,0.6160747165889957,0.9590436412589165,NDM_M1
NDM_M1 (64),c:\Users\noppa\OneDrive\Desktop\mango\data\jpg\NDM_M1\NDM_M1 (64).jpg,20,0.15406123101169303,4,19.904606951284382,0.0008213129139744987,0.0003851530775292326,0.5061728395061729,0.6086047414919462,0.9587478961427033,NDM_M1
NDM_M1 (65),c:\Users\noppa\OneDrive\Desktop\mango\data\jpg\NDM_M1\NDM_M1 (65).jpg,5,0.11101306809627358,4,22.04433661830372,0.0006260565299506587,0.00027753267024068396,2.0600961538461537,0.6247643578568799,0.9584140503967299,NDM_M1
NDM_M1 (66),c:\Users\noppa\OneDrive\Desktop\mango\data\jpg\NDM_M1\NDM_M1 (66).jpg,5,0.11205261136895706,4,22.059405034935452,0.0006412534647220076,0.0002801315284223926,0.484830805134189,0.6244932286449401,0.9585701480121295,NDM_M1
NDM_M1 (67),c:\Users\noppa\OneDrive\Desktop\mango\data\jpg\NDM_M1\NDM_M1 (67).jpg,31,0.09823346091555665,4,57.60326987486408,0.0006444946642078849,0.00024558365228889164,1.9135381114903298,0.6351010988920872,0.9704684405211892,NDM_M1
NDM_M1 (68),c:\Users\noppa\OneDrive\Desktop\mango\data\jpg\NDM_M1\NDM_M1 (68).jpg,31,0.0892843222342908,3,57.00331048389192,0.0006568997864036296,0.00029761440744763593,0.5219714964370546,0.6335610018151506,0.9708211373482769,NDM_M1
NDM_M1 (69),c:\Users\noppa\OneDrive\Desktop\mango\data\jpg\NDM_M1\NDM_M1 (69).jpg,19,0.14046101029916627,2,84.3436978911231,0.001081902893575282,0.0007023050514958313,2.159547738693467,0.6280836848820186,0.967042184179412,NDM_M1
NDM_M1 (7),c:\Users\noppa\OneDrive\Desktop\mango\data\jpg\NDM_M1\NDM_M1 (7).jpg,20,0.40163083536898325,11,15.470939409024778,0.001464510228417287,0.00036511894124453023,2.058194774346793,0.6239664021462228,0.9585190346558047,NDM_M1
NDM_M1 (70),c:\Users\noppa\OneDrive\Desktop\mango\data\jpg\NDM_M1\NDM_M1 (70).jpg,19,0.13893205663564798,2,83.37678432587559,0.0010481183383451497,0.0006946602831782399,0.462478184991274,0.6277203182591538,0.9673784639889604,NDM_M1
NDM_M1 (71),c:\Users\noppa\OneDrive\Desktop\mango\data\jpg\NDM_M1\NDM_M1 (71).jpg,22,0.11205431392044485,6,96.14043988997064,0.00034583260336868256,0.00018675718986740808,2.1926020408163267,0.5814917110819999,0.9472870502672504,NDM_M1
NDM_M1 (72),c:\Users\noppa\OneDrive\Desktop\mango\data\jpg\NDM_M1\NDM_M1 (72).jpg,22,0.11456239327324212,5,96.14663076210726,0.00035836299782593113,0.00022912478654648423,0.45661036691904483,0.5792026299362186,0.946799317530306,NDM_M1
NDM_M1 (73),c:\Users\noppa\OneDrive\Desktop\mango\data\jpg\NDM_M1\NDM_M1 (73).jpg,20,0.18510094935146384,8,91.04046273136306,0.0005252580855603401,0.0002313761866893298,2.14375,0.6012301318550509,0.9570344869622951,NDM_M1
NDM_M1 (74),c:\Users\noppa\OneDrive\Desktop\mango\data\jpg\NDM_M1\NDM_M1 (74).jpg,20,0.18831976338719297,7,91.04247015031972,0.0007772260173258384,0.00026902823341027574,0.46674445740956827,0.6015094829498494,0.9568967470753792,NDM_M1
NDM_M1 (75),c:\Users\noppa\OneDrive\Desktop\mango\data\jpg\NDM_M1\NDM_M1 (75).jpg,27,0.06053515161446206,3,30.531947426264534,0.00030371946758290445,0.00020178383871487354,1.9702517162471396,0.5925175468739349,0.9454168549469173,NDM_M1
NDM_M1 (76),c:\Users\noppa\OneDrive\Desktop\mango\data\jpg\NDM_M1\NDM_M1 (76).jpg,27,0.045088815573175914,2,30.87686265341417,0.0002494496972682649,0.00022544407786587956,0.5075493612078978,0.5905704179042395,0.9451574207113551,NDM_M1
NDM_M1 (77),c:\Users\noppa\OneDrive\Desktop\mango\data\jpg\NDM_M1\NDM_M1 (77).jpg,12,0.09888315762484351,5,65.18671854968855,0.00046755048791155757,0.00019776631524968705,1.953810623556582,0.6040576823374402,0.949975168158895,NDM_M1
NDM_M1 (78),c:\Users\noppa\OneDrive\Desktop\mango\data\jpg\NDM_M1\NDM_M1 (78).jpg,12,0.10511113499286374,7,64.94322113308861,0.0002875237324916901,0.00015015876427551964,0.5127143701951508,0.605569150344203,0.9500473596384604,NDM_M1
NDM_M1 (79),c:\Users\noppa\OneDrive\Desktop\mango\data\jpg\NDM_M1\NDM_M1 (79).jpg,8,0.14130737767866794,5,18.343791065323376,0.0008806111942293799,0.00028261475535733586,2.2103225806451614,0.5982607842589739,0.966828604720125,NDM_M1
NDM_M1 (8),c:\Users\noppa\OneDrive\Desktop\mango\data\jpg\NDM_M1\NDM_M1 (8).jpg,20,0.38961853268445146,12,15.717282991930778,0.0011189836541568795,0.00032468211057037617,0.4855824682814302,0.6213077677652973,0.9590051259234541,NDM_M1
NDM_M1 (80),c:\Users\noppa\OneDrive\Desktop\mango\data\jpg\NDM_M1\NDM_M1 (80).jpg,21,0.10343379724927546,2,18.56005134139639,0.0009296525011293514,0.0005171689862463772,0.4526869158878505,0.5945341941340888,0.9659960651779262,NDM_M1
NDM_M1 (81),c:\Users\noppa\OneDrive\Desktop\mango\data\jpg\NDM_M1\NDM_M1 (81).jpg,8,0.202360628716077,6,1.2180533012639918,0.000590787913446417,0.00033726771452679497,2.171102661596958,0.5791145598994564,0.9651407638021122,NDM_M1
NDM_M1 (82),c:\Users\noppa\OneDrive\Desktop\mango\data\jpg\NDM_M1\NDM_M1 (82).jpg,8,0.214128485500863,6,1.1010219720844574,0.0005760550321770886,0.00035688080916810504,0.46001167542323407,0.5837657842509856,0.9650422910355204,NDM_M1
NDM_M1 (83),c:\Users\noppa\OneDrive\Desktop\mango\data\jpg\NDM_M1\NDM_M1 (83).jpg,4,0.0926013596682258,1,3.084155509686216,0.000926013596682258,0.000926013596682258,2.0093786635404456,0.6759045344449898,0.9867540742384013,NDM_M1
NDM_M1 (84),c:\Users\noppa\OneDrive\Desktop\mango\data\jpg\NDM_M1\NDM_M1 (84).jpg,4,0.08635022591188489,1,2.993758545074439,0.0008635022591188489,0.0008635022591188489,0.49766627771295213,0.6771655267737053,0.9866293244236052,NDM_M1
NDM_M1 (85),c:\Users\noppa\OneDrive\Desktop\mango\data\jpg\NDM_M1\NDM_M1 (85).jpg,10,0.24206557657989936,8,41.975139613812736,0.0011390773380423888,0.0003025819707248742,2.0669099756690996,0.6705763400616591,0.9831738300557294,NDM_M1
NDM_M1 (86),c:\Users\noppa\OneDrive\Desktop\mango\data\jpg\NDM_M1\NDM_M1 (86).jpg,11,0.1845219521509708,9,41.75207365974748,0.000592407680807761,0.00020502439127885645,0.4835294117647059,0.6351467213105022,0.9826449596834284,NDM_M1
NDM_M1 (87),c:\Users\noppa\OneDrive\Desktop\mango\data\jpg\NDM_M1\NDM_M1 (87).jpg,18,0.2121022301481172,6,29.387259065937215,0.0006138978553181377,0.00035350371691352867,1.9676674364896074,0.6057171661135758,0.9415226328950616,NDM_M1
NDM_M1 (88),c:\Users\noppa\OneDrive\Desktop\mango\data\jpg\NDM_M1\NDM_M1 (88).jpg,18,0.20951227418798357,6,29.72770700802922,0.000607689830107435,0.0003491871236466393,0.5088028169014085,0.602456559930963,0.9411848266221273,NDM_M1
NDM_M1 (89),c:\Users\noppa\OneDrive\Desktop\mango\data\jpg\NDM_M1\NDM_M1 (89).jpg,23,0.17256126205542546,8,3.5244982715799837,0.0003930354124906654,0.00021570157756928184,2.034319526627219,0.6057188869031289,0.9496560914050232,NDM_M1
NDM_M1 (9),c:\Users\noppa\OneDrive\Desktop\mango\data\jpg\NDM_M1\NDM_M1 (9).jpg,18,0.5026626324580878,18,68.58376812494235,0.0008219410777839372,0.00027925701803227103,1.9976878612716762,0.627571581465872,0.9601012217416781,NDM_M1
NDM_M1 (90),c:\Users\noppa\OneDrive\Desktop\mango\data\jpg\NDM_M1\NDM_M1 (90).jpg,23,0.16617326182393868,7,3.416937696254739,0.0004313393789461471,0.00023739037403419812,0.49243306169965073,0.6111881158703445,0.9498449462265054,NDM_M1
NDM_M1 (91),c:\Users\noppa\OneDrive\Desktop\mango\data\jpg\NDM_M1\NDM_M1 (91).jpg,27,0.17088560825013135,4,92.89577722674724,0.000843651471361009,0.0004272140206253284,2.0984204131227218,0.6194768616010242,0.9652466150702399,NDM_M1
NDM_M1 (92),c:\Users\noppa\OneDrive\Desktop\mango\data\jpg\NDM_M1\NDM_M1 (92).jpg,27,0.17600105087507928,5,92.66162848692461,0.000870255925026631,0.00035200210175015856,0.47654892877822813,0.6223178483077572,0.9656411934302057,NDM_M1
NDM_M1 (93),c:\Users\noppa\OneDrive\Desktop\mango\data\jpg\NDM_M1\NDM_M1 (93).jpg,20,0.12180569270927129,4,86.01124451577537,0.0004917744051706566,0.0003045142317731782,2.123609394313968,0.6206573064793957,0.9610284179398577,NDM_M1
NDM_M1 (94),c:\Users\noppa\OneDrive\Desktop\mango\data\jpg\NDM_M1\NDM_M1 (94).jpg,20,0.10881877222747081,3,86.10235889420342,0.0005035341369434785,0.00036272924075823605,0.47147846332945287,0.6199834719295539,0.9607376774018442,NDM_M1
NDM_M1 (95),c:\Users\noppa\OneDrive\Desktop\mango\data\jpg\NDM_M1\NDM_M1 (95).jpg,20,0.19210415000378667,5,80.63876477031548,0.0007601044012169059,0.00038420830000757334,1.8421052631578947,0.6652415562698705,0.9609627472921732,NDM_M1
NDM_M1 (96),c:\Users\noppa\OneDrive\Desktop\mango\data\jpg\NDM_M1\NDM_M1 (96).jpg,20,0.18750969400190556,7,81.39185556121808,0.0007081237582445178,0.0002678709914312937,0.5431804645622395,0.6640044084851404,0.9612002267094896,NDM_M1
NDM_M1 (97),c:\Users\noppa\OneDrive\Desktop\mango\data\jpg\NDM_M1\NDM_M1 (97).jpg,16,0.4546803015496301,10,51.109782912187626,0.0012843780538880358,0.00045468030154963005,1.8333333333333333,0.6721896066235711,0.9620358811630411,NDM_M1
NDM_M1 (98),c:\Users\noppa\OneDrive\Desktop\mango\data\jpg\NDM_M1\NDM_M1 (98).jpg,16,0.41837208247408286,10,51.39346865000854,0.0011270574031620416,0.00041837208247408293,0.5463673951565269,0.6716250169506156,0.9617480942335331,NDM_M1
NDM_M1 (99),c:\Users\noppa\OneDrive\Desktop\mango\data\jpg\NDM_M1\NDM_M1 (99).jpg,20,0.14142311116749243,6,72.34614363607746,0.0004381297380853378,0.000235705185279154,2.1689785624211853,0.5691951833158555,0.9509056308071197,NDM_M1
NDM_M2 (1),c:\Users\noppa\OneDrive\Desktop\mango\data\jpg\NDM_M2\NDM_M2 (1).jpg,21,0.205607476635514,8,82.97369131867538,0.000630976176327589,0.0002570093457943925,2.057142857142857,0.5756278507489447,0.9398490234249783,NDM_M2
NDM_M2 (10),c:\Users\noppa\OneDrive\Desktop\mango\data\jpg\NDM_M2\NDM_M2 (10).jpg,24,0.19597365160334335,7,93.01105372296713,0.0004811520397865899,0.00027996235943334764,2.173027989821883,0.5771173425985191,0.9592724016629357,NDM_M2
NDM_M2 (100),c:\Users\noppa\OneDrive\Desktop\mango\data\jpg\NDM_M2\NDM_M2 (100).jpg,21,0.23461876109795388,6,0.007076154905876083,0.0009652317551296595,0.00039103126849658983,2.0185185185185186,0.5574784998102205,0.946503058990853,NDM_M2
NDM_M2 (101),c:\Users\noppa\OneDrive\Desktop\mango\data\jpg\NDM_M2\NDM_M2 (101).jpg,20,0.09989934628971456,3,0.00021553257020434644,0.0005927145680619527,0.00033299782096571525,1.9349881796690307,0.6140360743915658,0.9617772044592137,NDM_M2
NDM_M2 (102),c:\Users\noppa\OneDrive\Desktop\mango\data\jpg\NDM_M2\NDM_M2 (102).jpg,19,0.5084024194361093,12,0.006889757706759573,0.0008421957554979238,0.0004236686828634244,1.955813953488372,0.5907460221073112,0.9595068986434077,NDM_M2
NDM_M2 (103),c:\Users\noppa\OneDrive\Desktop\mango\data\jpg\NDM_M2\NDM_M2 (103).jpg,18,0.14418123383584625,6,0.1329890832641139,0.0007735751130462071,0.0002403020563930771,2.051851851851852,0.6048224868116894,0.9565666940672266,NDM_M2
NDM_M2 (104),c:\Users\noppa\OneDrive\Desktop\mango\data\jpg\NDM_M2\NDM_M2 (104).jpg,19,0.0883445481220207,5,0.16485136523017263,0.00025867634437713255,0.00017668909624404138,2.083645443196005,0.5914701614885313,0.9549313488602375,NDM_M2
NDM_M2 (105),c:\Users\noppa\OneDrive\Desktop\mango\data\jpg\NDM_M2\NDM_M2 (105).jpg,17,0.12309422781076094,2,0.025275348110476253,0.000932233618620163,0.0006154711390538047,2.0920716112531967,0.6116785328988249,0.970126582278481,NDM_M2
NDM_M2 (106),c:\Users\noppa\OneDrive\Desktop\mango\data\jpg\NDM_M2\NDM_M2 (106).jpg,19,0.19096406904417332,6,0.44326665963829437,0.0007331870154017194,0.00031827344840695555,2.221166892808684,0.5703758680223115,0.955211529307863,NDM_M2
NDM_M2 (107),c:\Users\noppa\OneDrive\Desktop\mango\data\jpg\NDM_M2\NDM_M2 (107).jpg,20,0.0720195893282973,3,0.009389220534652092,0.0002976809692236288,0.000240065297760991,1.8385236447520183,0.6479825360560674,0.9663859208305008,NDM_M2
NDM_M2 (108),c:\Users\noppa\OneDrive\Desktop\mango\data\jpg\NDM_M2\NDM_M2 (108).jpg,25,0.10098772123828158,4,0.015133321595942292,0.0006162130296909835,0.00025246930309570393,1.844494892167991,0.634599668044122,0.965035329538325,NDM_M2
NDM_M2 (109),c:\Users\noppa\OneDrive\Desktop\mango\data\jpg\NDM_M2\NDM_M2 (109).jpg,17,0.16409059346097968,3,1.275514613111184,0.0014040217445453094,0.0005469686448699323,2.0060975609756095,0.6428378259781057,0.9663936403238906,NDM_M2
NDM_M2 (11),c:\Users\noppa\OneDrive\Desktop\mango\data\jpg\NDM_M2\NDM_M2 (11).jpg,20,0.288203570131488,9,11.613959518723469,0.0008835509179166553,0.00032022618903498667,2.025943396226415,0.6198378681745486,0.9634140824681641,NDM_M2
NDM_M2 (110),c:\Users\noppa\OneDrive\Desktop\mango\data\jpg\NDM_M2\NDM_M2 (110).jpg,20,0.1536001156518518,8,0.5773557288325488,0.0006676083458070682,0.00019200014456481474,2.0061349693251533,0.6391159559468794,0.9676098898023763,NDM_M2
NDM_M2 (111),c:\Users\noppa\OneDrive\Desktop\mango\data\jpg\NDM_M2\NDM_M2 (111).jpg,26,0.20442033904350454,5,8.098679070099234,0.0009552248122152857,0.00040884067808700906,2.0977157360406093,0.6122834753392074,0.9703262020551694,NDM_M2
NDM_M2 (112),c:\Users\noppa\OneDrive\Desktop\mango\data\jpg\NDM_M2\NDM_M2 (112).jpg,13,0.07100580713614173,3,0.04392830621515805,0.0004032572025571388,0.00023668602378713906,2.1913746630727764,0.6060951384717149,0.9694614297626434,NDM_M2
NDM_M2 (113),c:\Users\noppa\OneDrive\Desktop\mango\data\jpg\NDM_M2\NDM_M2 (113).jpg,29,0.05637528594195514,4,0.08456292891293271,0.00018430381942562257,0.00014093821485488785,1.9673123486682809,0.6500985219690313,0.9719091876286404,NDM_M2
NDM_M2 (114),c:\Users\noppa\OneDrive\Desktop\mango\data\jpg\NDM_M2\NDM_M2 (114).jpg,34,0.028018972573920362,2,0.483016486248709,0.00019794973797957388,0.0001400948628696018,1.9865853658536585,0.6979153086318495,0.9845199208805389,NDM_M2
NDM_M2 (115),c:\Users\noppa\OneDrive\Desktop\mango\data\jpg\NDM_M2\NDM_M2 (115).jpg,26,0.15461599010457663,5,0.0564322334253741,0.0005080983378520767,0.00030923198020915325,2.0455665024630543,0.656687446021525,0.9837712903992237,NDM_M2
NDM_M2 (116),c:\Users\noppa\OneDrive\Desktop\mango\data\jpg\NDM_M2\NDM_M2 (116).jpg,25,0.09583760760338532,4,0.07358959155259943,0.0003573776333949768,0.0002395940190084633,2.006188118811881,0.6735051084624019,0.9867555139740425,NDM_M2
NDM_M2 (117),c:\Users\noppa\OneDrive\Desktop\mango\data\jpg\NDM_M2\NDM_M2 (117).jpg,19,0.11856604826335612,3,0.0021226658256866824,0.0005397635956746135,0.00039522016087785374,2.0116822429906542,0.6028892901028765,0.9651160062756291,NDM_M2
NDM_M2 (118),c:\Users\noppa\OneDrive\Desktop\mango\data\jpg\NDM_M2\NDM_M2 (118).jpg,19,0.08257365258033217,3,0.011431821467071158,0.0006150508905011012,0.0002752455086011072,2.0,0.5986843196551986,0.9642065639250651,NDM_M2
NDM_M2 (119),c:\Users\noppa\OneDrive\Desktop\mango\data\jpg\NDM_M2\NDM_M2 (119).jpg,25,0.15233359305919122,7,0.014132755349498038,0.0005865718813198743,0.00021761941865598749,2.1833105335157317,0.5835110836410423,0.9739550965939684,NDM_M2
NDM_M2 (12),c:\Users\noppa\OneDrive\Desktop\mango\data\jpg\NDM_M2\NDM_M2 (12).jpg,19,0.1658975569267291,8,7.940068042504723,0.0005679087851120527,0.0002073719461584114,2.073019801980198,0.6032784823921811,0.9540644267476182,NDM_M2
NDM_M2 (120),c:\Users\noppa\OneDrive\Desktop\mango\data\jpg\NDM_M2\NDM_M2 (120).jpg,23,0.18400558011909635,7,0.027785303764851013,0.0005649294126463484,0.0002628651144558519,2.200808625336927,0.58918862069877,0.9746764234692584,NDM_M2
NDM_M2 (121),c:\Users\noppa\OneDrive\Desktop\mango\data\jpg\NDM_M2\NDM_M2 (121).jpg,25,0.2152559041543647,9,0.11807778281114238,0.0005102912267040385,0.000239173226838183,1.996372430471584,0.5865149557484833,0.9440985808971909,NDM_M2
NDM_M2 (122),c:\Users\noppa\OneDrive\Desktop\mango\data\jpg\NDM_M2\NDM_M2 (122).jpg,21,0.24981835103560318,10,0.14858477087738492,0.00046942990799173805,0.0002498183510356032,1.9734299516908214,0.5796314991820131,0.9501062226093597,NDM_M2
NDM_M2 (123),c:\Users\noppa\OneDrive\Desktop\mango\data\jpg\NDM_M2\NDM_M2 (123).jpg,29,0.3993664506839452,13,2.95544996400288,0.001747444204463643,0.0003072049620645733,2.0503685503685505,0.564616251360896,0.9279132051014232,NDM_M2
NDM_M2 (124),c:\Users\noppa\OneDrive\Desktop\mango\data\jpg\NDM_M2\NDM_M2 (124).jpg,19,0.13827954567697517,5,0.17269157873357402,0.0007029736416455056,0.0002765590913539504,2.038224414303329,0.5965932690317086,0.9419543386978692,NDM_M2
NDM_M2 (125),c:\Users\noppa\OneDrive\Desktop\mango\data\jpg\NDM_M2\NDM_M2 (125).jpg,20,0.15613642525654375,6,2.16997981831206,0.0005517523676295431,0.0002602273754275729,2.0575980392156863,0.6040063186244129,0.9569117699128473,NDM_M2
NDM_M2 (126),c:\Users\noppa\OneDrive\Desktop\mango\data\jpg\NDM_M2\NDM_M2 (126).jpg,25,0.09770076039621832,3,6.767187887813353,0.0007265506893206074,0.0003256692013207278,2.1365409622886866,0.5885943094218727,0.9489531618664009,NDM_M2
NDM_M2 (127),c:\Users\noppa\OneDrive\Desktop\mango\data\jpg\NDM_M2\NDM_M2 (127).jpg,25,0.2421033287605079,5,12.57965049937818,0.0011827377976076003,0.00048420665752101576,2.14249684741488,0.527107059719884,0.9692702740993571,NDM_M2
NDM_M2 (128),c:\Users\noppa\OneDrive\Desktop\mango\data\jpg\NDM_M2\NDM_M2 (128).jpg,24,0.2577739076652642,6,0.8402574890746182,0.0013132837995100872,0.00042962317944210697,2.121173469387755,0.6127137805571246,0.9742989134294087,NDM_M2
NDM_M2 (129),c:\Users\noppa\OneDrive\Desktop\mango\data\jpg\NDM_M2\NDM_M2 (129).jpg,20,0.2603674958013257,5,0.009813469545946913,0.0010782394387192304,0.0005207349916026514,2.1397153945666236,0.4625634656633223,0.9195259475408972,NDM_M2
NDM_M2 (13),c:\Users\noppa\OneDrive\Desktop\mango\data\jpg\NDM_M2\NDM_M2 (13).jpg,18,0.1494405999252331,7,52.462320552417474,0.0002927283117687036,0.00021348657132176156,1.737551867219917,0.6394466929656577,0.9545940263814979,NDM_M2
NDM_M2 (130),c:\Users\noppa\OneDrive\Desktop\mango\data\jpg\NDM_M2\NDM_M2 (130).jpg,22,0.20834353746778977,7,0.006212077952021255,0.0005399729296756937,0.0002976336249539854,2.167758846657929,0.5139882387147799,0.9255094418251018,NDM_M2
NDM_M2 (131),c:\Users\noppa\OneDrive\Desktop\mango\data\jpg\NDM_M2\NDM_M2 (131).jpg,23,0.04807157097893959,3,0.01454797542783698,0.0002504781856271063,0.00016023856992979863,2.1883289124668437,0.5415206513985461,0.9357137348196752,NDM_M2
NDM_M2 (132),c:\Users\noppa\OneDrive\Desktop\mango\data\jpg\NDM_M2\NDM_M2 (132).jpg,18,0.18707832676820418,9,0.010230054685213114,0.0004740262963049245,0.00020786480752022686,1.9752941176470589,0.564979000321397,0.9533058530968485,NDM_M2
NDM_M2 (133),c:\Users\noppa\OneDrive\Desktop\mango\data\jpg\NDM_M2\NDM_M2 (133).jpg,25,0.1514756127904648,4,0.008253478902044557,0.0006311483866269367,0.000378689031976162,2.051216389244558,0.5951488086065794,0.9580392319109051,NDM_M2
NDM_M2 (134),c:\Users\noppa\OneDrive\Desktop\mango\data\jpg\NDM_M2\NDM_M2 (134).jpg,21,0.6519477441651383,19,0.01945950411965312,0.001617639225142114,0.0003431303916658623,2.0234278668310726,0.6031365085386875,0.9616194717105266,NDM_M2
NDM_M2 (135),c:\Users\noppa\OneDrive\Desktop\mango\data\jpg\NDM_M2\NDM_M2 (135).jpg,19,0.03147734070396376,2,0.0006270386594415092,0.00020190644834016595,0.00015738670351981882,2.209235209235209,0.6201861952344256,0.9587654893784967,NDM_M2
NDM_M2 (136),c:\Users\noppa\OneDrive\Desktop\mango\data\jpg\NDM_M2\NDM_M2 (136).jpg,17,0.0,0,52.32380755981039,0.0,0.0,2.0206043956043955,0.6470833988390419,0.9745325359135854,NDM_M2
NDM_M2 (137),c:\Users\noppa\OneDrive\Desktop\mango\data\jpg\NDM_M2\NDM_M2 (137).jpg,14,0.05599636938572349,3,4.176426382463743,0.00025985243309714824,0.0001866545646190783,2.051420838971583,0.6557212059172768,0.975833863253227,NDM_M2
NDM_M2 (138),c:\Users\noppa\OneDrive\Desktop\mango\data\jpg\NDM_M2\NDM_M2 (138).jpg,24,0.05583977826860516,3,0.2399754033689246,0.00028372033087894523,0.00018613259422868385,1.9409499358151476,0.6688746754484648,0.9742626265970331,NDM_M2
NDM_M2 (139),c:\Users\noppa\OneDrive\Desktop\mango\data\jpg\NDM_M2\NDM_M2 (139).jpg,17,0.7090739057155733,18,0.00026049739372357577,0.0018586489042177134,0.000393929947619763,1.9435483870967742,0.6584808329791195,0.9722991865543488,NDM_M2
NDM_M2 (14),c:\Users\noppa\OneDrive\Desktop\mango\data\jpg\NDM_M2\NDM_M2 (14).jpg,17,0.13838112856953919,8,72.04211358192407,0.0003788132369101249,0.00017297641071192398,1.7589376915219612,0.6271313574990951,0.9472664398464916,NDM_M2
NDM_M2 (140),c:\Users\noppa\OneDrive\Desktop\mango\data\jpg\NDM_M2\NDM_M2 (140).jpg,28,0.03428046752258816,1,54.230488296793744,0.00034280467522588166,0.00034280467522588166,2.0857538035961274,0.6751042108404017,0.9870991668049633,NDM_M2
NDM_M2 (141),c:\Users\noppa\OneDrive\Desktop\mango\data\jpg\NDM_M2\NDM_M2 (141).jpg,29,0.027271743443598714,1,13.476570109303415,0.00027271743443598714,0.00027271743443598714,2.01018922852984,0.6843769571825165,0.9925798963855526,NDM_M2
NDM_M2 (142),c:\Users\noppa\OneDrive\Desktop\mango\data\jpg\NDM_M2\NDM_M2 (142).jpg,30,0.039829994512846675,2,5.199198105488116,0.00020095495720983067,0.00019914997256423339,2.0428954423592494,0.6483673475717304,0.9758600156280891,NDM_M2
NDM_M2 (143),c:\Users\noppa\OneDrive\Desktop\mango\data\jpg\NDM_M2\NDM_M2 (143).jpg,32,0.01921686171591793,1,0.21832174257137527,0.0001921686171591793,0.0001921686171591793,2.101449275362319,0.6443392376650322,0.9765212766194199,NDM_M2
NDM_M2 (144),c:\Users\noppa\OneDrive\Desktop\mango\data\jpg\NDM_M2\NDM_M2 (144).jpg,1,0.0,0,0.03822681695782195,0.0,0.0,1.943109987357775,0.6639171833009393,0.9770937541920351,NDM_M2
NDM_M2 (145),c:\Users\noppa\OneDrive\Desktop\mango\data\jpg\NDM_M2\NDM_M2 (145).jpg,19,0.0,0,0.0756165038085548,0.0,0.0,1.8746987951807228,0.6980058398712049,0.9794575998350495,NDM_M2
NDM_M2 (146),c:\Users\noppa\OneDrive\Desktop\mango\data\jpg\NDM_M2\NDM_M2 (146).jpg,23,0.12184518291173134,8,0.014741194151891884,0.0003213119662795184,0.00015230647863966417,1.967741935483871,0.47808012346120904,0.9577618274623592,NDM_M2
NDM_M2 (147),c:\Users\noppa\OneDrive\Desktop\mango\data\jpg\NDM_M2\NDM_M2 (147).jpg,23,0.04568442679626227,2,0.0001234714237736818,0.00033831170113988817,0.00022842213398131136,1.9445910290237467,0.48148230757468874,0.9386331590209146,NDM_M2
NDM_M2 (148),c:\Users\noppa\OneDrive\Desktop\mango\data\jpg\NDM_M2\NDM_M2 (148).jpg,17,0.03496448592260705,3,0.020727449738551486,0.000162260338862398,0.00011654828640869018,1.8830694275274056,0.6722070150985029,0.9667897595758694,NDM_M2
NDM_M2 (149),c:\Users\noppa\OneDrive\Desktop\mango\data\jpg\NDM_M2\NDM_M2 (149).jpg,38,0.011518799833207779,1,0.49070087289465136,0.00011518799833207778,0.00011518799833207778,1.8605527638190955,0.6782040646757942,0.970417369301517,NDM_M2
NDM_M2 (15),c:\Users\noppa\OneDrive\Desktop\mango\data\jpg\NDM_M2\NDM_M2 (15).jpg,20,0.08180894664238703,3,87.77081108725989,0.0003695886478349597,0.00027269648880795674,1.9159953970080552,0.6287415840338808,0.9522894297025154,NDM_M2
NDM_M2 (150),c:\Users\noppa\OneDrive\Desktop\mango\data\jpg\NDM_M2\NDM_M2 (150).jpg,11,0.02485130832031315,1,36.6991992884678,0.0002485130832031315,0.0002485130832031315,1.990691489361702,0.6699713975231916,0.9803165150635518,NDM_M2
NDM_M2 (151),c:\Users\noppa\OneDrive\Desktop\mango\data\jpg\NDM_M2\NDM_M2 (151).jpg,14,0.027441468594826716,1,0.036966606454188054,0.00027441468594826716,0.00027441468594826716,2.0077220077220077,0.6719871520846928,0.9806324874798946,NDM_M2
NDM_M2 (152),c:\Users\noppa\OneDrive\Desktop\mango\data\jpg\NDM_M2\NDM_M2 (152).jpg,21,0.013447666769240462,1,0.0010903513596681456,0.0001344766676924046,0.0001344766676924046,1.8384223918575064,0.673709505184482,0.9740605224910508,NDM_M2
NDM_M2 (153),c:\Users\noppa\OneDrive\Desktop\mango\data\jpg\NDM_M2\NDM_M2 (153).jpg,15,0.08613502289482058,4,0.018542043096442293,0.0002801032042228517,0.00021533755723705147,1.9530201342281879,0.6630361320554735,0.9718597058397835,NDM_M2
NDM_M2 (154),c:\Users\noppa\OneDrive\Desktop\mango\data\jpg\NDM_M2\NDM_M2 (154).jpg,25,0.059329000635944845,2,0.0005170283279820902,0.0003347758423684034,0.00029664500317972423,2.193921852387844,0.6117545788801735,0.9614123939462069,NDM_M2
NDM_M2 (155),c:\Users\noppa\OneDrive\Desktop\mango\data\jpg\NDM_M2\NDM_M2 (155).jpg,28,0.034440107045749055,2,0.0014740901848375083,0.00022647385567048993,0.0001722005352287453,2.0,0.6268429814424935,0.9608118458827272,NDM_M2
NDM_M2 (156),c:\Users\noppa\OneDrive\Desktop\mango\data\jpg\NDM_M2\NDM_M2 (156).jpg,11,0.0919959532415944,3,0.00039882638688552483,0.0006168514783829451,0.00030665317747198133,2.044817927170868,0.6037945859982112,0.948972075481242,NDM_M2
NDM_M2 (157),c:\Users\noppa\OneDrive\Desktop\mango\data\jpg\NDM_M2\NDM_M2 (157).jpg,19,0.10585042459550016,3,0.00026528928470050166,0.0007361777650438921,0.0003528347486516672,1.9470108695652173,0.6447199380945933,0.9743349941613034,NDM_M2
NDM_M2 (158),c:\Users\noppa\OneDrive\Desktop\mango\data\jpg\NDM_M2\NDM_M2 (158).jpg,26,0.06775500239102364,2,0.00033597521846788584,0.00036845282291978143,0.0003387750119551182,1.8573170731707318,0.6328355368219992,0.980972878948846,NDM_M2
NDM_M2 (159),c:\Users\noppa\OneDrive\Desktop\mango\data\jpg\NDM_M2\NDM_M2 (159).jpg,21,0.49340580571118203,9,0.0,0.001894500725289561,0.0005482286730124244,1.9959349593495934,0.5675812100701921,0.9715497888232403,NDM_M2
NDM_M2 (16),c:\Users\noppa\OneDrive\Desktop\mango\data\jpg\NDM_M2\NDM_M2 (16).jpg,30,0.13252156228605202,5,93.22506456296334,0.00054789039255383,0.00026504312457210406,1.9543378995433789,0.6092095168270891,0.9388863156922357,NDM_M2
NDM_M2 (160),c:\Users\noppa\OneDrive\Desktop\mango\data\jpg\NDM_M2\NDM_M2 (160).jpg,19,0.9902844832724517,9,0.0012772370807469283,0.00370114922954221,0.0011003160925249463,2.087336244541485,0.6227450188268001,0.967788367218396,NDM_M2
NDM_M2 (161),c:\Users\noppa\OneDrive\Desktop\mango\data\jpg\NDM_M2\NDM_M2 (161).jpg,18,0.3001994074904309,5,0.0009521503635854174,0.0012228331098047003,0.0006003988149808617,2.064935064935065,0.6413347437265525,0.9693569202161859,NDM_M2
NDM_M2 (162),c:\Users\noppa\OneDrive\Desktop\mango\data\jpg\NDM_M2\NDM_M2 (162).jpg,18,0.050265281971813555,3,0.0007577680699268375,0.00022227863384520567,0.00016755093990604517,2.0136425648021827,0.6530803575636772,0.9748107257077427,NDM_M2
NDM_M2 (163),c:\Users\noppa\OneDrive\Desktop\mango\data\jpg\NDM_M2\NDM_M2 (163).jpg,21,0.13070016663148393,3,0.24627923723801953,0.0007306034515024531,0.0004356672221049464,1.951683748169839,0.6439640874934358,0.9557599998278766,NDM_M2
NDM_M2 (164),c:\Users\noppa\OneDrive\Desktop\mango\data\jpg\NDM_M2\NDM_M2 (164).jpg,18,0.03227173978416074,1,2.6031558827714383,0.00032271739784160735,0.00032271739784160735,1.9504249291784703,0.6412001561710916,0.9564879854465366,NDM_M2
NDM_M2 (165),c:\Users\noppa\OneDrive\Desktop\mango\data\jpg\NDM_M2\NDM_M2 (165).jpg,21,0.05396605636030925,2,16.819794884107615,0.00043756261913764264,0.0002698302818015463,1.910866910866911,0.5722457502868142,0.9691725660630683,NDM_M2
NDM_M2 (166),c:\Users\noppa\OneDrive\Desktop\mango\data\jpg\NDM_M2\NDM_M2 (166).jpg,21,0.17809596984514522,5,22.104780477952264,0.0007205721998332312,0.00035619193969029043,1.9251336898395721,0.6372879448510436,0.9742753574903048,NDM_M2
NDM_M2 (167),c:\Users\noppa\OneDrive\Desktop\mango\data\jpg\NDM_M2\NDM_M2 (167).jpg,29,0.11733096933158088,3,65.28200320704649,0.0004266580702966577,0.0003911032311052696,1.8393524283935243,0.5595676328052979,0.9647084439936856,NDM_M2
NDM_M2 (168),c:\Users\noppa\OneDrive\Desktop\mango\data\jpg\NDM_M2\NDM_M2 (168).jpg,5,0.02820721042073015,1,2.5411787325222814,0.0002820721042073015,0.0002820721042073015,2.040160642570281,0.6212571818687609,0.9710783302915496,NDM_M2
NDM_M2 (169),c:\Users\noppa\OneDrive\Desktop\mango\data\jpg\NDM_M2\NDM_M2 (169).jpg,17,0.13778212305264786,4,76.09788444672614,0.0007650368111051133,0.0003444553076316197,1.8285714285714285,0.6818854975458716,0.968883133067398,NDM_M2
NDM_M2 (17),c:\Users\noppa\OneDrive\Desktop\mango\data\jpg\NDM_M2\NDM_M2 (17).jpg,24,0.21800876412254205,5,13.776865050994353,0.001266955561716056,0.0004360175282450842,2.2181340341655718,0.5652590299188078,0.9564643192053204,NDM_M2
NDM_M2 (170),c:\Users\noppa\OneDrive\Desktop\mango\data\jpg\NDM_M2\NDM_M2 (170).jpg,25,0.05368483730360411,1,62.32768734168764,0.0005368483730360411,0.0005368483730360411,1.8013245033112584,0.6810589756405532,0.9698131523724954,NDM_M2
NDM_M2 (171),c:\Users\noppa\OneDrive\Desktop\mango\data\jpg\NDM_M2\NDM_M2 (171).jpg,19,0.26614495449045455,8,51.5053263483505,0.0008126458174954781,0.00033268119311306816,1.8832417582417582,0.5925460465323598,0.9745724102327701,NDM_M2
NDM_M2 (172),c:\Users\noppa\OneDrive\Desktop\mango\data\jpg\NDM_M2\NDM_M2 (172).jpg,16,0.205564775516413,7,8.211216436411277,0.0008003321926772345,0.0002936639650234471,2.03072625698324,0.635745813652517,0.9700662514624091,NDM_M2
NDM_M2 (173),c:\Users\noppa\OneDrive\Desktop\mango\data\jpg\NDM_M2\NDM_M2 (173).jpg,14,0.06829058596587648,2,80.90026581634457,0.00038906588817212495,0.0003414529298293824,2.1584302325581395,0.6326606804250172,0.9837354807425973,NDM_M2
NDM_M2 (174),c:\Users\noppa\OneDrive\Desktop\mango\data\jpg\NDM_M2\NDM_M2 (174).jpg,9,0.03852089950126915,1,60.34171354226457,0.0003852089950126915,0.0003852089950126915,2.162049861495845,0.6222821539017936,0.9798985689795453,NDM_M2
NDM_M2 (175),c:\Users\noppa\OneDrive\Desktop\mango\data\jpg\NDM_M2\NDM_M2 (175).jpg,14,0.10122204681484173,3,3.7650910288589308,0.0005948392372428988,0.0003374068227161391,2.07959479015919,0.5827751445438265,0.9541761131582753,NDM_M2
NDM_M2 (176),c:\Users\noppa\OneDrive\Desktop\mango\data\jpg\NDM_M2\NDM_M2 (176).jpg,17,0.12837107514111476,5,30.92835506211719,0.0004496990885920549,0.00025674215028222955,2.047945205479452,0.5491387495343294,0.9458494237806266,NDM_M2
NDM_M2 (177),c:\Users\noppa\OneDrive\Desktop\mango\data\jpg\NDM_M2\NDM_M2 (177).jpg,17,0.09281858654823577,2,91.71400459880084,0.0006142606313294666,0.0004640929327411788,2.1785714285714284,0.6068609781217991,0.9718759887787267,NDM_M2
NDM_M2 (178),c:\Users\noppa\OneDrive\Desktop\mango\data\jpg\NDM_M2\NDM_M2 (178).jpg,9,0.05290139548960242,2,73.83460071133922,0.0003247899630059311,0.0002645069774480121,2.1691275167785236,0.5833144283832573,0.9617334731901284,NDM_M2
NDM_M2 (179),c:\Users\noppa\OneDrive\Desktop\mango\data\jpg\NDM_M2\NDM_M2 (179).jpg,21,0.0,0,21.158374559830627,0.0,0.0,2.0835214446952595,0.6281741324466147,0.9578397502025104,NDM_M2
NDM_M2 (18),c:\Users\noppa\OneDrive\Desktop\mango\data\jpg\NDM_M2\NDM_M2 (18).jpg,25,0.24539138499827284,8,0.9028670544899862,0.0008651551627791023,0.00030673923124784107,2.169191919191919,0.5921047793644658,0.9627449181864971,NDM_M2
NDM_M2 (180),c:\Users\noppa\OneDrive\Desktop\mango\data\jpg\NDM_M2\NDM_M2 (180).jpg,3,0.0,0,0.0013742272834504098,0.0,0.0,1.8571428571428572,0.7076716549141924,0.9917313862228494,NDM_M2
NDM_M2 (181),c:\Users\noppa\OneDrive\Desktop\mango\data\jpg\NDM_M2\NDM_M2 (181).jpg,19,0.14338356707903796,3,37.74135837813822,0.0008873862850707652,0.00047794522359679317,2.18717277486911,0.5919820493022755,0.9629170853450435,NDM_M2
NDM_M2 (182),c:\Users\noppa\OneDrive\Desktop\mango\data\jpg\NDM_M2\NDM_M2 (182).jpg,19,0.13635132667006758,5,41.042694025103756,0.0005216829049655396,0.0002727026533401352,2.1772151898734178,0.5913572348911652,0.9632934934763522,NDM_M2
NDM_M2 (183),c:\Users\noppa\OneDrive\Desktop\mango\data\jpg\NDM_M2\NDM_M2 (183).jpg,24,0.11596952892909806,3,65.71819301569138,0.0005134764413098486,0.0003865650964303269,1.9491329479768786,0.6465082674642261,0.9727259871848746,NDM_M2
NDM_M2 (184),c:\Users\noppa\OneDrive\Desktop\mango\data\jpg\NDM_M2\NDM_M2 (184).jpg,21,0.21672375808922806,4,81.04374823647706,0.0009632167026187914,0.0005418093952230702,1.9464082098061573,0.6522626825968527,0.9703810335676258,NDM_M2
NDM_M2 (19),c:\Users\noppa\OneDrive\Desktop\mango\data\jpg\NDM_M2\NDM_M2 (19).jpg,23,0.08596285191696114,4,0.10813331980795354,0.00035451833089841637,0.00021490712979240284,2.1232876712328768,0.6122618239988106,0.9674516004264222,NDM_M2
NDM_M2 (2),c:\Users\noppa\OneDrive\Desktop\mango\data\jpg\NDM_M2\NDM_M2 (2).jpg,28,0.0,0,91.38214621335305,0.0,0.0,2.0167664670658683,0.6027510695296816,0.9511181160598058,NDM_M2
NDM_M2 (20),c:\Users\noppa\OneDrive\Desktop\mango\data\jpg\NDM_M2\NDM_M2 (20).jpg,25,0.11170372801619212,3,0.1881786603211072,0.0004606000929952682,0.0003723457600539737,2.142490372272144,0.5963712321209319,0.9618020147993795,NDM_M2
NDM_M2 (21),c:\Users\noppa\OneDrive\Desktop\mango\data\jpg\NDM_M2\NDM_M2 (21).jpg,17,0.16256765212867683,5,20.982633510683094,0.0009647457388619838,0.00032513530425735363,2.038095238095238,0.6065726325744045,0.9614094545603927,NDM_M2
NDM_M2 (22),c:\Users\noppa\OneDrive\Desktop\mango\data\jpg\NDM_M2\NDM_M2 (22).jpg,19,0.0866710439921208,3,61.823243598161525,0.0006229809586342745,0.00028890347997373607,2.0635910224438905,0.6249624331395399,0.9623873520189253,NDM_M2
NDM_M2 (23),c:\Users\noppa\OneDrive\Desktop\mango\data\jpg\NDM_M2\NDM_M2 (23).jpg,23,0.08121517971511028,4,64.04386005524947,0.0004784172106733336,0.00020303794928777568,1.8927765237020315,0.6325055357020098,0.9595936786208777,NDM_M2
NDM_M2 (24),c:\Users\noppa\OneDrive\Desktop\mango\data\jpg\NDM_M2\NDM_M2 (24).jpg,27,0.05261857567739344,2,6.724239058070916,0.0003404176670168285,0.0002630928783869672,1.895152198421646,0.6370368392579451,0.9595232612743614,NDM_M2
NDM_M2 (25),c:\Users\noppa\OneDrive\Desktop\mango\data\jpg\NDM_M2\NDM_M2 (25).jpg,23,0.15794071164206838,5,26.08778635590182,0.0005958121474988513,0.00031588142328413675,1.9524361948955917,0.6291434919826993,0.9631021392232179,NDM_M2
NDM_M2 (26),c:\Users\noppa\OneDrive\Desktop\mango\data\jpg\NDM_M2\NDM_M2 (26).jpg,20,0.15146004680302433,5,40.75350438345944,0.0005590932591864726,0.0003029200936060487,1.8452115812917596,0.6462450460819354,0.9625091117112706,NDM_M2
NDM_M2 (27),c:\Users\noppa\OneDrive\Desktop\mango\data\jpg\NDM_M2\NDM_M2 (27).jpg,25,0.37641762544970947,13,71.9671087712051,0.0016144227384909152,0.0002895520195766996,2.0120336943441637,0.6067871546704201,0.9530117523453366,NDM_M2
NDM_M2 (28),c:\Users\noppa\OneDrive\Desktop\mango\data\jpg\NDM_M2\NDM_M2 (28).jpg,23,0.38245594289350543,8,81.68497058530694,0.0030064024033903737,0.00047806992861688176,2.0885286783042396,0.5850766990066049,0.9436695468396988,NDM_M2
NDM_M2 (29),c:\Users\noppa\OneDrive\Desktop\mango\data\jpg\NDM_M2\NDM_M2 (29).jpg,20,0.2353250129908347,7,0.8139991842314547,0.0007077443999724352,0.00033617858998690673,1.9871043376318875,0.6752030113058615,0.9729612948876863,NDM_M2
NDM_M2 (3),c:\Users\noppa\OneDrive\Desktop\mango\data\jpg\NDM_M2\NDM_M2 (3).jpg,14,0.1274460316750813,8,70.55625995501777,0.0004110107266168148,0.00015930753959385164,2.13801756587202,0.6076353724238587,0.9668620483493082,NDM_M2
NDM_M2 (30),c:\Users\noppa\OneDrive\Desktop\mango\data\jpg\NDM_M2\NDM_M2 (30).jpg,23,0.17468283788897512,6,6.546975158342157,0.0005007319860712415,0.00029113806314829186,1.9564705882352942,0.6910451922463402,0.9836272052162416,NDM_M2
NDM_M2 (31),c:\Users\noppa\OneDrive\Desktop\mango\data\jpg\NDM_M2\NDM_M2 (31).jpg,23,0.05943660459947879,3,84.18429720687716,0.00027432279045913285,0.00019812201533159598,2.020238095238095,0.6271802554377989,0.9643867139647243,NDM_M2
NDM_M2 (32),c:\Users\noppa\OneDrive\Desktop\mango\data\jpg\NDM_M2\NDM_M2 (32).jpg,21,0.24002787684991597,8,93.34932152666748,0.0007532898782437584,0.00030003484606239497,2.0637254901960786,0.5792553486234745,0.9562389789667985,NDM_M2
NDM_M2 (33),c:\Users\noppa\OneDrive\Desktop\mango\data\jpg\NDM_M2\NDM_M2 (33).jpg,19,0.14048531289910599,5,0.18085203430031016,0.00048576902025177887,0.000280970625798212,2.0896464646464645,0.6081497923597967,0.9645633663093499,NDM_M2
NDM_M2 (34),c:\Users\noppa\OneDrive\Desktop\mango\data\jpg\NDM_M2\NDM_M2 (34).jpg,18,0.13228961389679586,4,4.988889699859702,0.0005626110016300513,0.0003307240347419896,2.056234718826406,0.6196324421144167,0.9710907395177729,NDM_M2
NDM_M2 (35),c:\Users\noppa\OneDrive\Desktop\mango\data\jpg\NDM_M2\NDM_M2 (35).jpg,21,0.1874170941241439,5,88.77171208817485,0.001367484386653079,0.0003748341882482878,2.1549479166666665,0.602476371597456,0.9677769176317542,NDM_M2
NDM_M2 (36),c:\Users\noppa\OneDrive\Desktop\mango\data\jpg\NDM_M2\NDM_M2 (36).jpg,19,0.17465088016766483,9,93.61453511158425,0.0004324688461294558,0.0001940565335196276,2.1416040100250626,0.5935658857841375,0.9653708605541789,NDM_M2
NDM_M2 (37),c:\Users\noppa\OneDrive\Desktop\mango\data\jpg\NDM_M2\NDM_M2 (37).jpg,26,0.14578395908694025,5,92.26465190042587,0.0006336980345337586,0.0002915679181738805,2.0876543209876544,0.5999716291917465,0.9593871914314731,NDM_M2
NDM_M2 (38),c:\Users\noppa\OneDrive\Desktop\mango\data\jpg\NDM_M2\NDM_M2 (38).jpg,26,0.056036643881456405,3,91.42140236805865,0.0003652590957455256,0.00018678881293818803,2.129936305732484,0.5259818117095586,0.9559538398415316,NDM_M2
NDM_M2 (39),c:\Users\noppa\OneDrive\Desktop\mango\data\jpg\NDM_M2\NDM_M2 (39).jpg,21,0.18870229993175824,7,3.3228665228056586,0.0010582083771371658,0.00026957471418822605,2.1219195849546044,0.6021343589457496,0.9572616916171142,NDM_M2
NDM_M2 (4),c:\Users\noppa\OneDrive\Desktop\mango\data\jpg\NDM_M2\NDM_M2 (4).jpg,16,0.04657865094425784,3,63.98029286707326,0.0002689181372598764,0.0001552621698141928,2.1180811808118083,0.6239420983558318,0.9732203205328029,NDM_M2
NDM_M2 (40),c:\Users\noppa\OneDrive\Desktop\mango\data\jpg\NDM_M2\NDM_M2 (40).jpg,20,0.14323463046874915,6,14.298199103726377,0.00032745540046602757,0.0002387243841145819,2.270916334661355,0.5823091389387135,0.9524837152303932,NDM_M2
NDM_M2 (41),c:\Users\noppa\OneDrive\Desktop\mango\data\jpg\NDM_M2\NDM_M2 (41).jpg,25,0.10019862185284228,2,87.51689395368449,0.0008699415230634369,0.0005009931092642114,1.9773539928486292,0.5675945351835376,0.9288183228057455,NDM_M2
NDM_M2 (42),c:\Users\noppa\OneDrive\Desktop\mango\data\jpg\NDM_M2\NDM_M2 (42).jpg,25,0.12464929487503598,5,71.99239721850465,0.0004818809661145845,0.000249298589750072,2.0606060606060606,0.5710416476853496,0.9312978459194674,NDM_M2
NDM_M2 (43),c:\Users\noppa\OneDrive\Desktop\mango\data\jpg\NDM_M2\NDM_M2 (43).jpg,24,0.22485058905535046,5,70.99793101996173,0.0009929331088890784,0.000449701178110701,2.04406364749082,0.6134918281429105,0.9713160375628582,NDM_M2
NDM_M2 (44),c:\Users\noppa\OneDrive\Desktop\mango\data\jpg\NDM_M2\NDM_M2 (44).jpg,21,0.2580522518056995,14,87.42828057252956,0.0006271424777102371,0.0001843230370040711,1.8816964285714286,0.6215380205225346,0.9734845301517138,NDM_M2
NDM_M2 (45),c:\Users\noppa\OneDrive\Desktop\mango\data\jpg\NDM_M2\NDM_M2 (45).jpg,20,0.1669743363473066,8,64.50627397417304,0.000413110080859269,0.00020871792043413326,1.901376146788991,0.6120249639037696,0.9457939250823012,NDM_M2
NDM_M2 (46),c:\Users\noppa\OneDrive\Desktop\mango\data\jpg\NDM_M2\NDM_M2 (46).jpg,21,0.24237902493810856,4,85.14366193811455,0.0012029181237669091,0.0006059475623452714,1.923963133640553,0.6183202998710577,0.9453571428571429,NDM_M2
NDM_M2 (47),c:\Users\noppa\OneDrive\Desktop\mango\data\jpg\NDM_M2\NDM_M2 (47).jpg,21,0.22532705869528327,4,86.98900369268809,0.0008064206443684958,0.0005633176467382082,2.1644562334217508,0.5826808306790079,0.9582472270505192,NDM_M2
NDM_M2 (48),c:\Users\noppa\OneDrive\Desktop\mango\data\jpg\NDM_M2\NDM_M2 (48).jpg,29,0.5125002209560622,8,30.039182875021357,0.002313262666674523,0.0006406252761950777,2.1567065073041167,0.5944954211178524,0.9582554785086731,NDM_M2
NDM_M2 (49),c:\Users\noppa\OneDrive\Desktop\mango\data\jpg\NDM_M2\NDM_M2 (49).jpg,23,0.1343501350298153,7,1.7260480669892881,0.0003534337447664619,0.00019192876432830758,2.0747422680412373,0.6153869110827885,0.9620441942186557,NDM_M2
NDM_M2 (5),c:\Users\noppa\OneDrive\Desktop\mango\data\jpg\NDM_M2\NDM_M2 (5).jpg,4,0.06373810743423892,4,5.979504115403094,0.00031391813312037805,0.0001593452685855973,2.1417816813048933,0.6185853328686072,0.9707181556719195,NDM_M2
NDM_M2 (50),c:\Users\noppa\OneDrive\Desktop\mango\data\jpg\NDM_M2\NDM_M2 (50).jpg,21,0.1543017317444897,5,2.470276027415574,0.0005470191356429201,0.0003086034634889794,2.1298200514138816,0.6114271439218527,0.9606990529523977,NDM_M2
NDM_M2 (51),c:\Users\noppa\OneDrive\Desktop\mango\data\jpg\NDM_M2\NDM_M2 (51).jpg,31,0.07342098111459108,3,0.15343559402830806,0.0004606631946146067,0.0002447366037153036,1.7475622968580715,0.7241358484318542,0.9776704701392279,NDM_M2
NDM_M2 (52),c:\Users\noppa\OneDrive\Desktop\mango\data\jpg\NDM_M2\NDM_M2 (52).jpg,25,0.05329489541491716,1,1.5672798859325254,0.0005329489541491716,0.0005329489541491716,1.7597061909758658,0.7080298481123631,0.9775043564234817,NDM_M2
NDM_M2 (53),c:\Users\noppa\OneDrive\Desktop\mango\data\jpg\NDM_M2\NDM_M2 (53).jpg,23,0.24158569126362575,12,76.48692678237691,0.0005937275463258599,0.0002013214093863548,1.858719646799117,0.6480485561838396,0.9631007123316538,NDM_M2
NDM_M2 (54),c:\Users\noppa\OneDrive\Desktop\mango\data\jpg\NDM_M2\NDM_M2 (54).jpg,27,0.07992696515689501,4,86.27773086804653,0.0003175427961086574,0.00019981741289223752,1.854625550660793,0.6508054862452135,0.9705276859935459,NDM_M2
NDM_M2 (55),c:\Users\noppa\OneDrive\Desktop\mango\data\jpg\NDM_M2\NDM_M2 (55).jpg,23,0.1709417252384546,6,0.004748381256623739,0.0009052233204116745,0.0002849028753974244,1.969519343493552,0.5955750626276964,0.9576668279303535,NDM_M2
NDM_M2 (56),c:\Users\noppa\OneDrive\Desktop\mango\data\jpg\NDM_M2\NDM_M2 (56).jpg,24,0.0964352054661319,5,0.010525672114286745,0.0002987285990530905,0.0001928704109322638,2.0253929866989115,0.6089466259615032,0.956268442811914,NDM_M2
NDM_M2 (57),c:\Users\noppa\OneDrive\Desktop\mango\data\jpg\NDM_M2\NDM_M2 (57).jpg,23,0.12622924159568807,3,0.6299292740103837,0.0008474285632103161,0.00042076413865229354,2.017921146953405,0.5931117569356115,0.9611751511163563,NDM_M2
NDM_M2 (58),c:\Users\noppa\OneDrive\Desktop\mango\data\jpg\NDM_M2\NDM_M2 (58).jpg,21,0.07500042051686966,3,0.23064113486124427,0.00030771940343992695,0.00025000140172289884,2.001189060642093,0.6142910152723644,0.9645454128168397,NDM_M2
NDM_M2 (59),c:\Users\noppa\OneDrive\Desktop\mango\data\jpg\NDM_M2\NDM_M2 (59).jpg,24,0.1671885356432702,8,2.075743377596965,0.00038625922793865565,0.00020898566955408773,2.127388535031847,0.5878631511256595,0.952869367926572,NDM_M2
NDM_M2 (6),c:\Users\noppa\OneDrive\Desktop\mango\data\jpg\NDM_M2\NDM_M2 (6).jpg,17,0.08476583438251829,5,10.73964989897227,0.00023231278139593917,0.00016953166876503657,2.1792207792207794,0.6037578925726514,0.9665104358182087,NDM_M2
NDM_M2 (60),c:\Users\noppa\OneDrive\Desktop\mango\data\jpg\NDM_M2\NDM_M2 (60).jpg,22,0.1676928326799432,4,0.05135522612629556,0.0009246193124931723,0.000419232081699858,2.0468354430379745,0.6131722954835281,0.958928045750106,NDM_M2
NDM_M2 (61),c:\Users\noppa\OneDrive\Desktop\mango\data\jpg\NDM_M2\NDM_M2 (61).jpg,19,0.1391795706176977,7,90.79352055940684,0.00035693012281641046,0.00019882795802528245,2.1105527638190953,0.5833750281884812,0.9528063341706596,NDM_M2
NDM_M2 (62),c:\Users\noppa\OneDrive\Desktop\mango\data\jpg\NDM_M2\NDM_M2 (62).jpg,16,0.05526873324940674,3,78.90806967369515,0.00034104317540804553,0.00018422911083135579,2.174934725848564,0.5833440248181031,0.9534217150880281,NDM_M2
NDM_M2 (63),c:\Users\noppa\OneDrive\Desktop\mango\data\jpg\NDM_M2\NDM_M2 (63).jpg,30,0.10926411265388118,4,0.023014291444813557,0.0006441850736188467,0.00027316028163470297,2.1022443890274314,0.6004667859116738,0.9666570997427348,NDM_M2
NDM_M2 (64),c:\Users\noppa\OneDrive\Desktop\mango\data\jpg\NDM_M2\NDM_M2 (64).jpg,26,0.07491466465980634,3,0.015759487382703163,0.00047621059699907384,0.0002497155488660211,2.2220726783310902,0.5886817680887874,0.9610300260184796,NDM_M2
NDM_M2 (65),c:\Users\noppa\OneDrive\Desktop\mango\data\jpg\NDM_M2\NDM_M2 (65).jpg,22,0.15417940876656472,7,5.587179130757113,0.0007680011120378093,0.0002202562982379496,2.216251638269987,0.5683471611467162,0.9452674240017384,NDM_M2
NDM_M2 (66),c:\Users\noppa\OneDrive\Desktop\mango\data\jpg\NDM_M2\NDM_M2 (66).jpg,17,0.11808107407288795,4,0.7438177894355146,0.0006002196328639361,0.0002952026851822199,2.170886075949367,0.5804525105254387,0.9492330989915507,NDM_M2
NDM_M2 (67),c:\Users\noppa\OneDrive\Desktop\mango\data\jpg\NDM_M2\NDM_M2 (67).jpg,20,0.20319042647537577,7,19.25066513993197,0.0008924662378338329,0.0002902720378219654,2.122629582806574,0.5597930046991635,0.9358610084061043,NDM_M2
NDM_M2 (68),c:\Users\noppa\OneDrive\Desktop\mango\data\jpg\NDM_M2\NDM_M2 (68).jpg,17,0.14746117325179048,4,11.377142512271666,0.0008730988975617607,0.00036865293312947616,2.120198265179678,0.5557999504745,0.9313572103516211,NDM_M2
NDM_M2 (69),c:\Users\noppa\OneDrive\Desktop\mango\data\jpg\NDM_M2\NDM_M2 (69).jpg,23,0.1285910573625198,5,21.894358146023222,0.000730011222873685,0.0002571821147250396,2.060493827160494,0.6103795004364474,0.9764723933306375,NDM_M2
NDM_M2 (7),c:\Users\noppa\OneDrive\Desktop\mango\data\jpg\NDM_M2\NDM_M2 (7).jpg,14,0.06480548572322922,3,22.50511107415704,0.00032158193858885446,0.0002160182857440974,2.2526737967914436,0.5765971790621262,0.9573948202407897,NDM_M2
NDM_M2 (70),c:\Users\noppa\OneDrive\Desktop\mango\data\jpg\NDM_M2\NDM_M2 (70).jpg,22,0.08948555086707169,5,8.55391143610907,0.0004299017823913467,0.00017897110173414337,2.079701120797011,0.6076704534811314,0.9767593102261759,NDM_M2
NDM_M2 (71),c:\Users\noppa\OneDrive\Desktop\mango\data\jpg\NDM_M2\NDM_M2 (71).jpg,19,0.329316541839414,11,0.02684645721516962,0.0008664562465915528,0.00029937867439946725,2.0301932367149758,0.5750552417557664,0.9505092483021714,NDM_M2
NDM_M2 (72),c:\Users\noppa\OneDrive\Desktop\mango\data\jpg\NDM_M2\NDM_M2 (72).jpg,15,0.15809649645124976,4,0.026621059539901164,0.0012180492956828247,0.0003952412411281244,2.0753086419753086,0.5910881035237452,0.9501841439131629,NDM_M2
NDM_M2 (73),c:\Users\noppa\OneDrive\Desktop\mango\data\jpg\NDM_M2\NDM_M2 (73).jpg,16,0.2153558435606045,4,0.0010230681404304251,0.0009688455289876127,0.0005383896089015113,2.0315533980582523,0.5696067190126162,0.9489735208713288,NDM_M2
NDM_M2 (74),c:\Users\noppa\OneDrive\Desktop\mango\data\jpg\NDM_M2\NDM_M2 (74).jpg,13,0.0665814903456839,3,0.0001999444154525042,0.0004328796594546716,0.00022193830115227966,2.031325301204819,0.5324337334376348,0.9473089259859141,NDM_M2
NDM_M2 (75),c:\Users\noppa\OneDrive\Desktop\mango\data\jpg\NDM_M2\NDM_M2 (75).jpg,23,0.11809444912024042,5,0.0006609763943297038,0.0004847160225084495,0.00023618889824048085,2.159846547314578,0.6002304929673943,0.9735099337748344,NDM_M2
NDM_M2 (76),c:\Users\noppa\OneDrive\Desktop\mango\data\jpg\NDM_M2\NDM_M2 (76).jpg,23,0.13668674297285202,8,0.005289734635172292,0.0003099784496210963,0.00017085842871606503,2.1721518987341772,0.5644256114112935,0.9697258666973738,NDM_M2
NDM_M2 (77),c:\Users\noppa\OneDrive\Desktop\mango\data\jpg\NDM_M2\NDM_M2 (77).jpg,18,0.09911946692051404,3,17.020942408376964,0.0006461208948119943,0.00033039822306838015,2.1124338624338623,0.5898648121344944,0.9483037549513278,NDM_M2
NDM_M2 (78),c:\Users\noppa\OneDrive\Desktop\mango\data\jpg\NDM_M2\NDM_M2 (78).jpg,23,0.3160254250417377,14,0.37897049598765803,0.0007627079164531481,0.00022573244645838407,2.136828644501279,0.5915241827486648,0.9473867732007966,NDM_M2
NDM_M2 (79),c:\Users\noppa\OneDrive\Desktop\mango\data\jpg\NDM_M2\NDM_M2 (79).jpg,24,0.09129770201300552,3,0.004766962874685873,0.00035648591932433484,0.00030432567337668507,2.0409145607701564,0.5731639765009614,0.9538081552136322,NDM_M2
NDM_M2 (8),c:\Users\noppa\OneDrive\Desktop\mango\data\jpg\NDM_M2\NDM_M2 (8).jpg,13,0.04689909454490048,2,39.39610391715502,0.00037497663149954993,0.0002344954727245024,2.2348387096774194,0.5842176349384882,0.9626776939288375,NDM_M2
NDM_M2 (80),c:\Users\noppa\OneDrive\Desktop\mango\data\jpg\NDM_M2\NDM_M2 (80).jpg,26,0.06621533684198509,2,0.0039006161070709606,0.0004614143443730283,0.00033107668420992545,1.9723820483314154,0.6048602763290252,0.9643027856218379,NDM_M2
NDM_M2 (81),c:\Users\noppa\OneDrive\Desktop\mango\data\jpg\NDM_M2\NDM_M2 (81).jpg,22,0.30071098507188754,7,1.9309517441125221,0.0011762085794959202,0.00042958712153126784,2.1361867704280155,0.594036962236055,0.9547528779726736,NDM_M2
NDM_M2 (82),c:\Users\noppa\OneDrive\Desktop\mango\data\jpg\NDM_M2\NDM_M2 (82).jpg,21,0.265225049855327,9,0.16556729278962373,0.0006495739154813353,0.0002946944998392522,2.1397712833545106,0.5972254859106804,0.9545002163018207,NDM_M2
NDM_M2 (83),c:\Users\noppa\OneDrive\Desktop\mango\data\jpg\NDM_M2\NDM_M2 (83).jpg,24,0.3436887438238985,6,3.9990079556947555,0.0012286787266792797,0.0005728145730398308,2.17555266579974,0.5778822836366466,0.9486655165140642,NDM_M2
NDM_M2 (84),c:\Users\noppa\OneDrive\Desktop\mango\data\jpg\NDM_M2\NDM_M2 (84).jpg,18,0.15011031814329065,4,0.2989265818198288,0.0009198570501165727,0.00037527579535822665,2.063131313131313,0.5978112707677665,0.9551986828455079,NDM_M2
NDM_M2 (85),c:\Users\noppa\OneDrive\Desktop\mango\data\jpg\NDM_M2\NDM_M2 (85).jpg,18,0.16500067824516926,4,0.6253888215841,0.0010793453296973155,0.0004125016956129231,2.134816753926702,0.6018319890405643,0.9705787507955186,NDM_M2
NDM_M2 (86),c:\Users\noppa\OneDrive\Desktop\mango\data\jpg\NDM_M2\NDM_M2 (86).jpg,29,0.04927322000492732,2,0.1036356927803166,0.00029494533101541003,0.0002463661000246366,2.12401055408971,0.5805285886146043,0.9697579817894745,NDM_M2
NDM_M2 (87),c:\Users\noppa\OneDrive\Desktop\mango\data\jpg\NDM_M2\NDM_M2 (87).jpg,24,0.4201734214535197,8,0.03533302827221492,0.0016044670215415626,0.0005252167768168997,2.0858257477243174,0.5954390137444749,0.9656909873602505,NDM_M2
NDM_M2 (88),c:\Users\noppa\OneDrive\Desktop\mango\data\jpg\NDM_M2\NDM_M2 (88).jpg,19,0.18870284468178827,5,0.08439965848591799,0.0008200688466286361,0.00037740568936357657,2.1230964467005076,0.5797299143960607,0.9605185806769754,NDM_M2
NDM_M2 (89),c:\Users\noppa\OneDrive\Desktop\mango\data\jpg\NDM_M2\NDM_M2 (89).jpg,24,0.10543589156611921,4,0.5146328068509116,0.00043473045061186936,0.000263589728915298,2.0949367088607596,0.5820178815040543,0.9590820110535695,NDM_M2
NDM_M2 (9),c:\Users\noppa\OneDrive\Desktop\mango\data\jpg\NDM_M2\NDM_M2 (9).jpg,21,0.0880535859519816,4,92.11595301751593,0.0004077575319428434,0.00022013396487995397,2.145385587863464,0.5878411378413358,0.9609257224180555,NDM_M2
NDM_M2 (90),c:\Users\noppa\OneDrive\Desktop\mango\data\jpg\NDM_M2\NDM_M2 (90).jpg,21,0.19132363118360501,7,0.15002803554199523,0.00045463041073331886,0.0002733194731194357,2.1771117166212535,0.5571395202653151,0.9533655963939393,NDM_M2
NDM_M2 (91),c:\Users\noppa\OneDrive\Desktop\mango\data\jpg\NDM_M2\NDM_M2 (91).jpg,20,0.12627997587961612,4,42.033629992857,0.0005553139227080241,0.0003156999396990403,2.062418725617685,0.6089730138968044,0.9589003797194147,NDM_M2
NDM_M2 (92),c:\Users\noppa\OneDrive\Desktop\mango\data\jpg\NDM_M2\NDM_M2 (92).jpg,22,0.16738801536926323,6,22.0876094825896,0.0006857446084183686,0.0002789800256154387,2.028537455410226,0.5996195762721116,0.9655004987481751,NDM_M2
NDM_M2 (93),c:\Users\noppa\OneDrive\Desktop\mango\data\jpg\NDM_M2\NDM_M2 (93).jpg,23,0.26826514208968544,6,0.04266025191396197,0.001951332816657506,0.0004471085701494757,2.173800259403372,0.5763632184688412,0.9538283126404942,NDM_M2
NDM_M2 (94),c:\Users\noppa\OneDrive\Desktop\mango\data\jpg\NDM_M2\NDM_M2 (94).jpg,22,0.16209454131513576,5,0.03830031956458584,0.0006462437821269128,0.00032418908263027145,2.151595744680851,0.5637066097556703,0.9555747486723815,NDM_M2
NDM_M2 (95),c:\Users\noppa\OneDrive\Desktop\mango\data\jpg\NDM_M2\NDM_M2 (95).jpg,22,0.17310264831497127,8,65.70478776593144,0.0003588713440676234,0.00021637831039371408,2.0097799511002443,0.5977581389124247,0.9627323766263349,NDM_M2
NDM_M2 (96),c:\Users\noppa\OneDrive\Desktop\mango\data\jpg\NDM_M2\NDM_M2 (96).jpg,23,0.18766089698716473,7,34.106170919629605,0.0005518096849440324,0.0002680869956959496,2.0711610486891385,0.5823026112345693,0.9627635466788114,NDM_M2
NDM_M2 (97),c:\Users\noppa\OneDrive\Desktop\mango\data\jpg\NDM_M2\NDM_M2 (97).jpg,17,0.10156391835464376,5,0.0006224550665248852,0.0005073008792177815,0.00020312783670928757,1.986842105263158,0.5082497850073645,0.9582086652418885,NDM_M2
NDM_M2 (98),c:\Users\noppa\OneDrive\Desktop\mango\data\jpg\NDM_M2\NDM_M2 (98).jpg,19,0.11508327524012159,4,0.0055513268204882395,0.000396065817384834,0.00028770818810030396,1.9987864077669903,0.5760011376459778,0.9605380391721621,NDM_M2
NDM_M2 (99),c:\Users\noppa\OneDrive\Desktop\mango\data\jpg\NDM_M2\NDM_M2 (99).jpg,15,0.056265083860449296,2,0.0006645482345722358,0.0003876531368338042,0.0002813254193022465,1.9744525547445255,0.5605144003925958,0.9558548903932262,NDM_M2
NDM_M3 (1),c:\Users\noppa\OneDrive\Desktop\mango\data\jpg\NDM_M3\NDM_M3 (1).jpg,23,0.314784498042263,11,3.58550671062459,0.0010929755339454247,0.0002861677254929663,0.5422915416916617,0.6634194876906975,0.9827386904579526,NDM_M3
NDM_M3 (10),c:\Users\noppa\OneDrive\Desktop\mango\data\jpg\NDM_M3\NDM_M3 (10).jpg,19,0.1318222514160769,4,0.0032618133882817667,0.0007299713410327126,0.00032955562854019226,2.166018158236057,0.5798923364871952,0.9517256214200422,NDM_M3
NDM_M3 (100),c:\Users\noppa\OneDrive\Desktop\mango\data\jpg\NDM_M3\NDM_M3 (100).jpg,20,0.10124655793947133,2,0.05159060277170513,0.0005320280910832092,0.0005062327896973567,1.8354577056778678,0.400237770948203,0.9530529523504336,NDM_M3
NDM_M3 (101),c:\Users\noppa\OneDrive\Desktop\mango\data\jpg\NDM_M3\NDM_M3 (101).jpg,20,0.10172056749143575,2,0.042874844042754795,0.0005155699996141264,0.0005086028374571787,0.5552747946936197,0.35762911282482585,0.948599981952026,NDM_M3
NDM_M3 (102),c:\Users\noppa\OneDrive\Desktop\mango\data\jpg\NDM_M3\NDM_M3 (102).jpg,23,0.1192483847778024,5,76.99681702889542,0.0004148261347246775,0.00023849676955560478,1.936386768447837,0.6665928050401944,0.9722849485900746,NDM_M3
NDM_M3 (103),c:\Users\noppa\OneDrive\Desktop\mango\data\jpg\NDM_M3\NDM_M3 (103).jpg,23,0.12375524264503945,5,76.88026030417795,0.0004192985846694944,0.0002475104852900789,0.5177398160315374,0.6662531322568149,0.9719920763654317,NDM_M3
NDM_M3 (104),c:\Users\noppa\OneDrive\Desktop\mango\data\jpg\NDM_M3\NDM_M3 (104).jpg,19,0.22805188556306263,2,30.463722207742737,0.0021376731690691472,0.0011402594278153131,1.9118028534370948,0.6653134513455338,0.9739676016804565,NDM_M3
NDM_M3 (105),c:\Users\noppa\OneDrive\Desktop\mango\data\jpg\NDM_M3\NDM_M3 (105).jpg,19,0.247982246526181,3,30.64616980831812,0.0021602900101623853,0.0008266074884206033,0.5234215885947047,0.6603697457857611,0.9718316562829893,NDM_M3
NDM_M3 (106),c:\Users\noppa\OneDrive\Desktop\mango\data\jpg\NDM_M3\NDM_M3 (106).jpg,22,0.0460474666344586,4,34.20841493188857,0.00013911295540620984,0.0001151186665861465,2.1128608923884515,0.668594992107533,0.9724357654139889,NDM_M3
NDM_M3 (107),c:\Users\noppa\OneDrive\Desktop\mango\data\jpg\NDM_M3\NDM_M3 (107).jpg,22,0.054666844935930894,5,34.40905895393321,0.0001326237066492998,0.00010933368987186179,0.4742075823492853,0.6646456999812748,0.9719495982223492,NDM_M3
NDM_M3 (108),c:\Users\noppa\OneDrive\Desktop\mango\data\jpg\NDM_M3\NDM_M3 (108).jpg,31,0.07101877123600511,3,0.29335858445199503,0.000384104792142446,0.00023672923745335042,2.18733153638814,0.6414912897581034,0.9656822641912018,NDM_M3
NDM_M3 (109),c:\Users\noppa\OneDrive\Desktop\mango\data\jpg\NDM_M3\NDM_M3 (109).jpg,31,0.07319217644070274,3,0.22154842631020955,0.00039553933702503384,0.00024397392146900915,0.4571780653111522,0.6397528252868131,0.9660568812397916,NDM_M3
NDM_M3 (11),c:\Users\noppa\OneDrive\Desktop\mango\data\jpg\NDM_M3\NDM_M3 (11).jpg,19,0.1129354335203604,3,0.0029217127079894235,0.000625920760903888,0.000376451445067868,0.4622754491017964,0.5690487830146985,0.9515137323907814,NDM_M3
NDM_M3 (110),c:\Users\noppa\OneDrive\Desktop\mango\data\jpg\NDM_M3\NDM_M3 (110).jpg,7,0.0,0,0.013810949902596459,0.0,0.0,1.837742504409171,0.6244204934263055,0.9733725570909125,NDM_M3
NDM_M3 (111),c:\Users\noppa\OneDrive\Desktop\mango\data\jpg\NDM_M3\NDM_M3 (111).jpg,7,0.0,0,0.014517686171178039,0.0,0.0,0.5488505747126436,0.6145302623054024,0.9689356783458701,NDM_M3
NDM_M3 (112),c:\Users\noppa\OneDrive\Desktop\mango\data\jpg\NDM_M3\NDM_M3 (112).jpg,22,0.1488788678234515,2,0.8131006065231509,0.0007576952854107883,0.0007443943391172575,1.769556025369979,0.6823548930997297,0.9847050940339235,NDM_M3
NDM_M3 (113),c:\Users\noppa\OneDrive\Desktop\mango\data\jpg\NDM_M3\NDM_M3 (113).jpg,21,0.15390259561588554,2,1.0570485187563057,0.0008300467761166652,0.0007695129780794276,0.5651135005973715,0.6847185695657421,0.9848507059535735,NDM_M3
NDM_M3 (114),c:\Users\noppa\OneDrive\Desktop\mango\data\jpg\NDM_M3\NDM_M3 (114).jpg,23,0.3264709350312463,9,3.506567621742719,0.0013328616908383445,0.00036274548336805146,1.8440265486725664,0.6589879143520808,0.9823648982051105,NDM_M3
NDM_M3 (12),c:\Users\noppa\OneDrive\Desktop\mango\data\jpg\NDM_M3\NDM_M3 (12).jpg,23,0.06150303363986533,4,0.002840282192960033,0.00018352592631434058,0.00015375758409966333,2.1301020408163267,0.57715321491822,0.9521932307320221,NDM_M3
NDM_M3 (13),c:\Users\noppa\OneDrive\Desktop\mango\data\jpg\NDM_M3\NDM_M3 (13).jpg,24,0.0529549402591844,4,0.003384748758834467,0.00016596187462672226,0.000132387350647961,0.46918013165769,0.5712078119033981,0.952087327054509,NDM_M3
NDM_M3 (14),c:\Users\noppa\OneDrive\Desktop\mango\data\jpg\NDM_M3\NDM_M3 (14).jpg,22,0.7044283537199946,16,0.12891169901386076,0.0022063151613865616,0.0004402677210749966,2.037170263788969,0.6001410324055171,0.9588685560221268,NDM_M3
NDM_M3 (15),c:\Users\noppa\OneDrive\Desktop\mango\data\jpg\NDM_M3\NDM_M3 (15).jpg,22,0.6761835479132114,14,0.07959842092854078,0.0012514080859904763,0.0004829882485094368,0.4917550058892815,0.6009694991888208,0.9591560343784046,NDM_M3
NDM_M3 (16),c:\Users\noppa\OneDrive\Desktop\mango\data\jpg\NDM_M3\NDM_M3 (16).jpg,22,0.0674452643248112,3,0.11378005265710524,0.00039081445298967644,0.00022481754774937064,2.094027954256671,0.5911136877543732,0.9554392404400671,NDM_M3
NDM_M3 (17),c:\Users\noppa\OneDrive\Desktop\mango\data\jpg\NDM_M3\NDM_M3 (17).jpg,22,0.07446959356703942,4,0.14590844786100166,0.0004059025812156945,0.00018617398391759853,0.47694174757281554,0.595478343549641,0.9553854707555417,NDM_M3
NDM_M3 (18),c:\Users\noppa\OneDrive\Desktop\mango\data\jpg\NDM_M3\NDM_M3 (18).jpg,17,0.16350584227691894,6,37.02763475976219,0.0004609761006615981,0.00027250973712819826,2.09746835443038,0.6083098515077026,0.9544304531131704,NDM_M3
NDM_M3 (19),c:\Users\noppa\OneDrive\Desktop\mango\data\jpg\NDM_M3\NDM_M3 (19).jpg,16,0.13879498261005965,4,36.91059461155255,0.0007799780394532581,0.00034698745652514916,0.4767932489451477,0.6056699172486147,0.9548207518557278,NDM_M3
NDM_M3 (2),c:\Users\noppa\OneDrive\Desktop\mango\data\jpg\NDM_M3\NDM_M3 (2).jpg,19,0.2044936533595893,4,0.007337156544151932,0.0014863659063636815,0.0005112341333989732,2.1096938775510203,0.5641497854969754,0.9482467939994197,NDM_M3
NDM_M3 (20),c:\Users\noppa\OneDrive\Desktop\mango\data\jpg\NDM_M3\NDM_M3 (20).jpg,21,0.09554100353439267,5,71.16378933520946,0.0004974792994492342,0.00019108200706878536,2.0532178217821784,0.6036695935837514,0.9614135884169575,NDM_M3
NDM_M3 (21),c:\Users\noppa\OneDrive\Desktop\mango\data\jpg\NDM_M3\NDM_M3 (21).jpg,21,0.11549422684939033,4,71.09262741042174,0.0007106536661093116,0.0002887355671234758,0.487040385774563,0.606941550399547,0.9613130722364135,NDM_M3
NDM_M3 (22),c:\Users\noppa\OneDrive\Desktop\mango\data\jpg\NDM_M3\NDM_M3 (22).jpg,23,0.3215725302729983,8,21.512775455135998,0.0015105268417809018,0.0004019656628412479,1.9540094339622642,0.6014476576619329,0.9636153544199522,NDM_M3
NDM_M3 (23),c:\Users\noppa\OneDrive\Desktop\mango\data\jpg\NDM_M3\NDM_M3 (23).jpg,23,0.37598130705001365,10,21.22692250873371,0.0016458285217297221,0.0003759813070500136,0.51145958986731,0.6048692571170331,0.9638610329581994,NDM_M3
NDM_M3 (24),c:\Users\noppa\OneDrive\Desktop\mango\data\jpg\NDM_M3\NDM_M3 (24).jpg,21,0.27691012336956916,6,2.9047133998369263,0.0011153828472990073,0.00046151687228261526,2.04574332909784,0.5794819086406443,0.9562261630849338,NDM_M3
NDM_M3 (25),c:\Users\noppa\OneDrive\Desktop\mango\data\jpg\NDM_M3\NDM_M3 (25).jpg,21,0.2694485495976412,6,2.86016974774875,0.0010884366904752114,0.0004490809159960687,0.4891236793039155,0.5902903894541922,0.9566176001669691,NDM_M3
NDM_M3 (26),c:\Users\noppa\OneDrive\Desktop\mango\data\jpg\NDM_M3\NDM_M3 (26).jpg,22,0.1305114233980296,8,0.010424235095689266,0.00025330891282524914,0.000163139279247537,1.9222614840989398,0.6436151498656761,0.969342859500509,NDM_M3
NDM_M3 (27),c:\Users\noppa\OneDrive\Desktop\mango\data\jpg\NDM_M3\NDM_M3 (27).jpg,22,0.12066798797071457,7,0.008023691773527653,0.00023341648795716807,0.00017238283995816366,0.5208333333333334,0.6421709304138663,0.9692606163158383,NDM_M3
NDM_M3 (28),c:\Users\noppa\OneDrive\Desktop\mango\data\jpg\NDM_M3\NDM_M3 (28).jpg,22,0.34003332893508675,6,0.007232672130266289,0.0017759142244180876,0.0005667222148918113,1.9101382488479262,0.6447195763655312,0.968472187381003,NDM_M3
NDM_M3 (29),c:\Users\noppa\OneDrive\Desktop\mango\data\jpg\NDM_M3\NDM_M3 (29).jpg,22,0.35062044872383535,7,0.007717752981104205,0.0017555445705119313,0.0005008863553197647,0.5244417622208811,0.6450121744963502,0.9685821012263395,NDM_M3
NDM_M3 (3),c:\Users\noppa\OneDrive\Desktop\mango\data\jpg\NDM_M3\NDM_M3 (3).jpg,19,0.19361507855781013,5,0.007096459812748081,0.0012809109962010285,0.00038723015711562023,0.4748941318814277,0.5674860331922542,0.9485271753643761,NDM_M3
NDM_M3 (30),c:\Users\noppa\OneDrive\Desktop\mango\data\jpg\NDM_M3\NDM_M3 (30).jpg,28,0.3286991246342361,12,0.11155412894217898,0.0008944893288451218,0.0002739159371951968,1.814252336448598,0.6976474411234027,0.9851496854069414,NDM_M3
NDM_M3 (31),c:\Users\noppa\OneDrive\Desktop\mango\data\jpg\NDM_M3\NDM_M3 (31).jpg,28,0.3173973417972624,13,0.08633865515210506,0.0005714796698163146,0.0002441518013825096,0.5504823151125402,0.7027559373139657,0.9855431212223165,NDM_M3
NDM_M3 (32),c:\Users\noppa\OneDrive\Desktop\mango\data\jpg\NDM_M3\NDM_M3 (32).jpg,24,0.3039919368983582,15,0.9251519317990281,0.0005972034110752998,0.00020266129126557213,1.765607886089814,0.7272277735502847,0.9895956184042289,NDM_M3
NDM_M3 (33),c:\Users\noppa\OneDrive\Desktop\mango\data\jpg\NDM_M3\NDM_M3 (33).jpg,24,0.29565095393628105,13,0.8788258824616363,0.001004323553012714,0.00022742381072021623,0.5669975186104218,0.7067872378340935,0.9890624973512325,NDM_M3
NDM_M3 (34),c:\Users\noppa\OneDrive\Desktop\mango\data\jpg\NDM_M3\NDM_M3 (34).jpg,21,0.07707133642641575,3,0.01581555755151564,0.00046856539910087377,0.0002569044547547192,2.254980079681275,0.574887805328327,0.9602911031555487,NDM_M3
NDM_M3 (35),c:\Users\noppa\OneDrive\Desktop\mango\data\jpg\NDM_M3\NDM_M3 (35).jpg,21,0.06038433686911931,2,0.013916702637804841,0.00040806602649834535,0.00030192168434559655,0.44346289752650175,0.5479618750345939,0.9601417630717981,NDM_M3
NDM_M3 (36),c:\Users\noppa\OneDrive\Desktop\mango\data\jpg\NDM_M3\NDM_M3 (36).jpg,18,0.07468506554386922,3,0.022693179687366824,0.00039526618140906536,0.00024895021847956404,2.2278145695364238,0.6091197724459053,0.9659968801165444,NDM_M3
NDM_M3 (37),c:\Users\noppa\OneDrive\Desktop\mango\data\jpg\NDM_M3\NDM_M3 (37).jpg,18,0.08178695987859748,3,0.0268363462101648,0.00043236335560821064,0.00027262319959532496,0.4497323022010708,0.605665054096775,0.9660021319543671,NDM_M3
NDM_M3 (38),c:\Users\noppa\OneDrive\Desktop\mango\data\jpg\NDM_M3\NDM_M3 (38).jpg,14,0.09504397963966124,3,0.05362573163155199,0.0007455284641459666,0.0003168132654655375,1.957345971563981,0.6014648843051691,0.9551503612321014,NDM_M3
NDM_M3 (39),c:\Users\noppa\OneDrive\Desktop\mango\data\jpg\NDM_M3\NDM_M3 (39).jpg,14,0.07801578403138937,2,0.05687742914020287,0.0006635700066357001,0.0003900789201569468,0.511501210653753,0.5923998339157949,0.9552374947391149,NDM_M3
NDM_M3 (4),c:\Users\noppa\OneDrive\Desktop\mango\data\jpg\NDM_M3\NDM_M3 (4).jpg,23,0.14150831335518277,4,0.004751374025064531,0.0007612527514070781,0.00035377078338795693,2.0899014778325125,0.5670030161680304,0.9520208876049566,NDM_M3
NDM_M3 (40),c:\Users\noppa\OneDrive\Desktop\mango\data\jpg\NDM_M3\NDM_M3 (40).jpg,17,0.09091385911848524,4,0.03729799348450676,0.0004613684089880394,0.0002272846477962131,1.988262910798122,0.5887682996370298,0.9518955056148546,NDM_M3
NDM_M3 (41),c:\Users\noppa\OneDrive\Desktop\mango\data\jpg\NDM_M3\NDM_M3 (41).jpg,17,0.09838810562589598,4,0.03700480576847618,0.00046620227739812507,0.00024597026406473994,0.503248670998228,0.5837339892068164,0.9511078116329131,NDM_M3
NDM_M3 (42),c:\Users\noppa\OneDrive\Desktop\mango\data\jpg\NDM_M3\NDM_M3 (42).jpg,15,0.17584681029270055,9,0.018588909472010872,0.0004957042525869566,0.00019538534476966726,1.9514792899408284,0.5872390806528595,0.9476482789792122,NDM_M3
NDM_M3 (43),c:\Users\noppa\OneDrive\Desktop\mango\data\jpg\NDM_M3\NDM_M3 (43).jpg,15,0.1707565970496936,8,0.017310743881132892,0.0004990195921289543,0.000213445746312117,0.5121212121212121,0.6042120173739594,0.9471338742393509,NDM_M3
NDM_M3 (44),c:\Users\noppa\OneDrive\Desktop\mango\data\jpg\NDM_M3\NDM_M3 (44).jpg,24,0.1707576739252734,7,0.010318883258703334,0.00038894252282804874,0.00024393953417896203,1.8803716608594658,0.6465403768913673,0.9612811111742914,NDM_M3
NDM_M3 (45),c:\Users\noppa\OneDrive\Desktop\mango\data\jpg\NDM_M3\NDM_M3 (45).jpg,24,0.17373489364191771,7,0.008627246430848654,0.0003926884582317318,0.00024819270520273957,0.5321384425216317,0.6459797086054268,0.961424325257648,NDM_M3
NDM_M3 (46),c:\Users\noppa\OneDrive\Desktop\mango\data\jpg\NDM_M3\NDM_M3 (46).jpg,18,0.04637417700327749,2,0.3480381984095976,0.00036751535275097416,0.00023187088501638747,1.9441069258809234,0.6136604725406248,0.9635955101465047,NDM_M3
NDM_M3 (47),c:\Users\noppa\OneDrive\Desktop\mango\data\jpg\NDM_M3\NDM_M3 (47).jpg,17,0.04590287831912006,2,0.31876998832722264,0.0003628182048960752,0.0002295143915956003,0.515322076297686,0.6091440839417109,0.9631701642134142,NDM_M3
NDM_M3 (48),c:\Users\noppa\OneDrive\Desktop\mango\data\jpg\NDM_M3\NDM_M3 (48).jpg,23,0.20187894469802398,9,0.11199266107222747,0.0005589894561344223,0.00022430993855335996,2.046594982078853,0.6009854405014835,0.9559604656803299,NDM_M3
NDM_M3 (49),c:\Users\noppa\OneDrive\Desktop\mango\data\jpg\NDM_M3\NDM_M3 (49).jpg,23,0.22625337457297598,11,0.11594998671102168,0.0006162581157689061,0.0002056848859754327,0.4868651488616462,0.6034628120515207,0.9562902626203826,NDM_M3
NDM_M3 (5),c:\Users\noppa\OneDrive\Desktop\mango\data\jpg\NDM_M3\NDM_M3 (5).jpg,23,0.14617875721215637,5,0.0036131754960631868,0.0007742518920135401,0.00029235751442431275,0.47820965842167257,0.5612711086009912,0.9517742605688583,NDM_M3
NDM_M3 (50),c:\Users\noppa\OneDrive\Desktop\mango\data\jpg\NDM_M3\NDM_M3 (50).jpg,21,0.06364966439825313,4,3.2494441385281596,0.0002330141856583448,0.00015912416099563283,2.137434554973822,0.5821377978363379,0.9539269796712362,NDM_M3
NDM_M3 (51),c:\Users\noppa\OneDrive\Desktop\mango\data\jpg\NDM_M3\NDM_M3 (51).jpg,22,0.05689942291231848,2,2.961713065039474,0.0003764681645276244,0.0002844971145615924,0.46785058175137784,0.5808872637812907,0.9533086923586616,NDM_M3
NDM_M3 (52),c:\Users\noppa\OneDrive\Desktop\mango\data\jpg\NDM_M3\NDM_M3 (52).jpg,20,0.10816498221060199,4,3.522164750914414,0.0006213250550462252,0.00027041245552650496,2.1657894736842107,0.5847512098640469,0.9516450041605637,NDM_M3
NDM_M3 (53),c:\Users\noppa\OneDrive\Desktop\mango\data\jpg\NDM_M3\NDM_M3 (53).jpg,21,0.08442950023402271,3,3.5449057279466176,0.0005870400150499834,0.00028143166744674236,0.4620522161505768,0.5846129961141984,0.9518076326833308,NDM_M3
NDM_M3 (54),c:\Users\noppa\OneDrive\Desktop\mango\data\jpg\NDM_M3\NDM_M3 (54).jpg,23,0.22500555497082178,11,17.420505443871406,0.0005285993287256312,0.0002045505045189289,2.048507462686567,0.5632562192790668,0.9659394860920134,NDM_M3
NDM_M3 (55),c:\Users\noppa\OneDrive\Desktop\mango\data\jpg\NDM_M3\NDM_M3 (55).jpg,23,0.2115257566810685,10,17.688534462094328,0.0003636512455932134,0.0002115257566810685,0.48725728155339804,0.5763642158846437,0.9665240830084945,NDM_M3
NDM_M3 (56),c:\Users\noppa\OneDrive\Desktop\mango\data\jpg\NDM_M3\NDM_M3 (56).jpg,24,0.0360290663940541,3,2.173901030586025,0.0001392534467991048,0.00012009688798018034,2.0445544554455446,0.5934017351234531,0.9663002577098923,NDM_M3
NDM_M3 (57),c:\Users\noppa\OneDrive\Desktop\mango\data\jpg\NDM_M3\NDM_M3 (57).jpg,24,0.026187411258376935,2,2.2072562333220995,0.00016242824704562907,0.00013093705629188467,0.48941318814277074,0.5932362803626623,0.9667550365763645,NDM_M3
NDM_M3 (58),c:\Users\noppa\OneDrive\Desktop\mango\data\jpg\NDM_M3\NDM_M3 (58).jpg,23,0.19741715350608172,4,0.02547318109755893,0.001508280459723884,0.0004935428837652043,1.9755201958384332,0.607009388372138,0.960076320492321,NDM_M3
NDM_M3 (59),c:\Users\noppa\OneDrive\Desktop\mango\data\jpg\NDM_M3\NDM_M3 (59).jpg,22,0.19622865720182628,5,0.03506875262457225,0.0014731109780831465,0.0003924573144036525,0.5074441687344913,0.6052071292672632,0.9602670573074803,NDM_M3
NDM_M3 (6),c:\Users\noppa\OneDrive\Desktop\mango\data\jpg\NDM_M3\NDM_M3 (6).jpg,18,0.0800370433226687,4,0.6157823830505847,0.0003373288998677922,0.00020009260830667177,1.9976076555023923,0.6078614442791628,0.9644140885808308,NDM_M3
NDM_M3 (60),c:\Users\noppa\OneDrive\Desktop\mango\data\jpg\NDM_M3\NDM_M3 (60).jpg,23,0.3212278040510395,11,0.01588489140911734,0.0008050306078324281,0.00029202527641003593,2.021951219512195,0.6213408506161014,0.9639359353557395,NDM_M3
NDM_M3 (61),c:\Users\noppa\OneDrive\Desktop\mango\data\jpg\NDM_M3\NDM_M3 (61).jpg,23,0.3273383374936664,11,0.014014785108261766,0.0008428472163010572,0.00029758030681242397,0.49547920433996384,0.6229811455959844,0.9640735598536528,NDM_M3
NDM_M3 (62),c:\Users\noppa\OneDrive\Desktop\mango\data\jpg\NDM_M3\NDM_M3 (62).jpg,20,0.4596121946783592,7,0.8544733030504227,0.0023950232599925935,0.0006565888495405131,2.1148148148148147,0.5842706948777615,0.9462476525913054,NDM_M3
NDM_M3 (63),c:\Users\noppa\OneDrive\Desktop\mango\data\jpg\NDM_M3\NDM_M3 (63).jpg,20,0.4471871141751304,7,1.0233157357937024,0.0024035485754537876,0.0006388387345359005,0.4725787631271879,0.5844015758919161,0.9459341152352482,NDM_M3
NDM_M3 (64),c:\Users\noppa\OneDrive\Desktop\mango\data\jpg\NDM_M3\NDM_M3 (64).jpg,21,0.12527555126737097,4,23.332461532713403,0.0005033000217583852,0.00031318887816842746,1.9987654320987653,0.5860317009659021,0.9583857985567622,NDM_M3
NDM_M3 (65),c:\Users\noppa\OneDrive\Desktop\mango\data\jpg\NDM_M3\NDM_M3 (65).jpg,20,0.10932804456628631,3,23.96789381444998,0.0005043374116173409,0.0003644268152209544,0.5,0.5831155245815108,0.958760671691703,NDM_M3
NDM_M3 (66),c:\Users\noppa\OneDrive\Desktop\mango\data\jpg\NDM_M3\NDM_M3 (66).jpg,22,0.3916136686211476,10,65.69828908001809,0.001193959552246176,0.00039161366862114767,2.1411609498680737,0.5812030653694366,0.958811476157855,NDM_M3
NDM_M3 (67),c:\Users\noppa\OneDrive\Desktop\mango\data\jpg\NDM_M3\NDM_M3 (67).jpg,22,0.38399327695356894,10,65.93546786682496,0.0011011013544812295,0.0003839932769535689,0.467940813810111,0.5807020722606768,0.9580309989809603,NDM_M3
NDM_M3 (68),c:\Users\noppa\OneDrive\Desktop\mango\data\jpg\NDM_M3\NDM_M3 (68).jpg,19,0.38048212155676997,16,36.53582623651141,0.0006313628672085217,0.00023780132597298121,2.09375,0.5597333881470092,0.9557035581377182,NDM_M3
NDM_M3 (69),c:\Users\noppa\OneDrive\Desktop\mango\data\jpg\NDM_M3\NDM_M3 (69).jpg,20,0.35795657488691146,15,35.8780751320568,0.0006134179916717138,0.0002386377165912743,0.477326968973747,0.5692657711804181,0.9555878148937221,NDM_M3
NDM_M3 (7),c:\Users\noppa\OneDrive\Desktop\mango\data\jpg\NDM_M3\NDM_M3 (7).jpg,18,0.07865744004072173,4,0.7117922270529226,0.000322589767410683,0.0001966436001018043,0.5014961101137043,0.6066389203220457,0.9638511194767767,NDM_M3
NDM_M3 (70),c:\Users\noppa\OneDrive\Desktop\mango\data\jpg\NDM_M3\NDM_M3 (70).jpg,16,0.10412963636198845,4,0.1708974786327799,0.0006163185440380748,0.00026032409090497114,1.9204152249134947,0.6465811340792831,0.97335968767648,NDM_M3
NDM_M3 (71),c:\Users\noppa\OneDrive\Desktop\mango\data\jpg\NDM_M3\NDM_M3 (71).jpg,16,0.11587158891055539,5,0.18211268839200234,0.0005526802981050817,0.00023174317782111078,0.5200959808038392,0.6443831527222558,0.9733691762254804,NDM_M3
NDM_M3 (72),c:\Users\noppa\OneDrive\Desktop\mango\data\jpg\NDM_M3\NDM_M3 (72).jpg,17,0.11004910826502522,4,1.2420119878935763,0.0005630181862026825,0.00027512277066256305,1.9147928994082841,0.6418818222791005,0.972000447833605,NDM_M3
NDM_M3 (73),c:\Users\noppa\OneDrive\Desktop\mango\data\jpg\NDM_M3\NDM_M3 (73).jpg,17,0.12041486444391107,5,1.219366468698774,0.0005096439131256288,0.0002408297288878222,0.5225447807288449,0.6400809144889883,0.9717951905481741,NDM_M3
NDM_M3 (74),c:\Users\noppa\OneDrive\Desktop\mango\data\jpg\NDM_M3\NDM_M3 (74).jpg,26,0.2743657283690085,8,0.17738833901052478,0.0007709766171075252,0.00034295716046126067,2.1204188481675392,0.5615075526027108,0.9495135221674279,NDM_M3
NDM_M3 (75),c:\Users\noppa\OneDrive\Desktop\mango\data\jpg\NDM_M3\NDM_M3 (75).jpg,26,0.29645766846936367,9,0.21848942906100505,0.0007898743208036334,0.0003293974094104041,0.4718962322421248,0.5621722309160654,0.949299954358685,NDM_M3
NDM_M3 (76),c:\Users\noppa\OneDrive\Desktop\mango\data\jpg\NDM_M3\NDM_M3 (76).jpg,26,0.2621217304761609,7,15.920380679874352,0.000992753397816689,0.00037445961496594405,2.246913580246914,0.5539593152434206,0.9399350297335961,NDM_M3
NDM_M3 (77),c:\Users\noppa\OneDrive\Desktop\mango\data\jpg\NDM_M3\NDM_M3 (77).jpg,26,0.2749917912898122,7,16.26518611384735,0.0009999701501447718,0.00039284541612830316,0.44621026894865523,0.5523684884331129,0.9398939183817192,NDM_M3
NDM_M3 (78),c:\Users\noppa\OneDrive\Desktop\mango\data\jpg\NDM_M3\NDM_M3 (78).jpg,26,0.7044408651633687,17,0.031868384721583064,0.0010987114588127014,0.0004143769795078639,2.1593475533249684,0.5470656140770844,0.9355044365780502,NDM_M3
NDM_M3 (79),c:\Users\noppa\OneDrive\Desktop\mango\data\jpg\NDM_M3\NDM_M3 (79).jpg,26,0.7263794363166707,19,0.02922546757871604,0.0011022833834807072,0.00038230496648245817,0.4633720930232558,0.5441389653642871,0.9355773743694872,NDM_M3
NDM_M3 (8),c:\Users\noppa\OneDrive\Desktop\mango\data\jpg\NDM_M3\NDM_M3 (8).jpg,18,0.09075685844824379,2,0.09623534762564347,0.0007277087511112029,0.0004537842922412189,2.0524390243902437,0.5956463206701598,0.9619803953317474,NDM_M3
NDM_M3 (80),c:\Users\noppa\OneDrive\Desktop\mango\data\jpg\NDM_M3\NDM_M3 (80).jpg,23,0.233644122445931,8,0.12676324518115573,0.0008699850934839484,0.00029205515305741374,2.064087061668682,0.5752031686263686,0.9466716832975632,NDM_M3
NDM_M3 (81),c:\Users\noppa\OneDrive\Desktop\mango\data\jpg\NDM_M3\NDM_M3 (81).jpg,23,0.2177315527730795,9,0.09582292008515722,0.0006363651663174547,0.00024192394752564395,0.4844756883421207,0.5639882400077862,0.9456896972814445,NDM_M3
NDM_M3 (82),c:\Users\noppa\OneDrive\Desktop\mango\data\jpg\NDM_M3\NDM_M3 (82).jpg,18,0.2095584197757655,8,0.01497558978864451,0.000650938969479748,0.0002619480247197069,1.8882618510158014,0.5820714156563223,0.9624546118937781,NDM_M3
NDM_M3 (83),c:\Users\noppa\OneDrive\Desktop\mango\data\jpg\NDM_M3\NDM_M3 (83).jpg,18,0.20521706495679062,8,0.016070013355079422,0.000637809846825823,0.0002565213311959883,0.5302214242968283,0.5701965468208069,0.961818860496819,NDM_M3
NDM_M3 (84),c:\Users\noppa\OneDrive\Desktop\mango\data\jpg\NDM_M3\NDM_M3 (84).jpg,20,0.19328387550165577,5,0.007533220988585623,0.0011444304214166376,0.00038656775100331155,2.0457920792079207,0.6013438241560681,0.9497032093071676,NDM_M3
NDM_M3 (85),c:\Users\noppa\OneDrive\Desktop\mango\data\jpg\NDM_M3\NDM_M3 (85).jpg,20,0.20238884860138165,6,0.010315435708531176,0.0011965905421896163,0.0003373147476689694,0.4891041162227603,0.5996815596395951,0.949467552606784,NDM_M3
NDM_M3 (86),c:\Users\noppa\OneDrive\Desktop\mango\data\jpg\NDM_M3\NDM_M3 (86).jpg,22,0.2697690300008419,6,0.005729814681422304,0.0017072509050768496,0.00044961505000140324,2.03680981595092,0.5322063136437133,0.9247453956609958,NDM_M3
NDM_M3 (87),c:\Users\noppa\OneDrive\Desktop\mango\data\jpg\NDM_M3\NDM_M3 (87).jpg,22,0.2639407594433632,6,0.00479254700495035,0.0016353105512013513,0.00043990126573893864,0.49096385542168675,0.5264754457195505,0.9249171649413314,NDM_M3
NDM_M3 (88),c:\Users\noppa\OneDrive\Desktop\mango\data\jpg\NDM_M3\NDM_M3 (88).jpg,22,0.13394902461961372,6,0.0030141544693882472,0.0005027609654939596,0.00022324837436602283,2.024234693877551,0.5355712012016118,0.9282260394026502,NDM_M3
NDM_M3 (89),c:\Users\noppa\OneDrive\Desktop\mango\data\jpg\NDM_M3\NDM_M3 (89).jpg,22,0.12185391511446554,6,0.00385689939036884,0.0004254642140000627,0.00020308985852410925,0.4924433249370277,0.536555373839519,0.9284519668558238,NDM_M3
NDM_M3 (9),c:\Users\noppa\OneDrive\Desktop\mango\data\jpg\NDM_M3\NDM_M3 (9).jpg,19,0.09755008742306563,2,0.07791606559003336,0.0006954577207174065,0.00048775043711532816,0.4869203329369798,0.5924834310083412,0.9621333261600109,NDM_M3
NDM_M3 (90),c:\Users\noppa\OneDrive\Desktop\mango\data\jpg\NDM_M3\NDM_M3 (90).jpg,8,0.0,0,0.0006175652859142005,0.0,0.0,1.9853333333333334,0.6231053862347561,0.9473825558451611,NDM_M3
NDM_M3 (91),c:\Users\noppa\OneDrive\Desktop\mango\data\jpg\NDM_M3\NDM_M3 (91).jpg,8,0.0,0,0.00024696571745393164,0.0,0.0,0.503693754197448,0.6272332333353359,0.946919066385884,NDM_M3
NDM_M3 (92),c:\Users\noppa\OneDrive\Desktop\mango\data\jpg\NDM_M3\NDM_M3 (92).jpg,19,0.13251402618220678,4,0.007213465134918514,0.000846914239914507,0.00033128506545551694,2.009472259810555,0.6066587737711557,0.9386529205907729,NDM_M3
NDM_M3 (93),c:\Users\noppa\OneDrive\Desktop\mango\data\jpg\NDM_M3\NDM_M3 (93).jpg,19,0.14074858483574212,5,0.019362945731672306,0.0008813478746830152,0.0002814971696714843,0.4983164983164983,0.6073335911717642,0.9388636684940544,NDM_M3
NDM_M3 (94),c:\Users\noppa\OneDrive\Desktop\mango\data\jpg\NDM_M3\NDM_M3 (94).jpg,19,0.7121275163545344,15,0.10587151206739179,0.0015412365182650143,0.0004747516775696897,1.9722572509457756,0.6848066105011464,0.983964828292005,NDM_M3
NDM_M3 (95),c:\Users\noppa\OneDrive\Desktop\mango\data\jpg\NDM_M3\NDM_M3 (95).jpg,20,0.6840214931510727,15,0.12545657699570703,0.0015028652452610738,0.0004560143287673819,0.5076726342710998,0.6846548284456917,0.9838226666244403,NDM_M3
NDM_M3 (96),c:\Users\noppa\OneDrive\Desktop\mango\data\jpg\NDM_M3\NDM_M3 (96).jpg,31,0.09785716518138601,4,0.322885536215234,0.000498985324658389,0.00024464291295346504,1.9813432835820894,0.6786193191975389,0.9822629061170806,NDM_M3
NDM_M3 (97),c:\Users\noppa\OneDrive\Desktop\mango\data\jpg\NDM_M3\NDM_M3 (97).jpg,30,0.1016220736506787,4,0.3585330212468802,0.0005140374245108562,0.00025405518412669674,0.5043914680050188,0.6810951302760895,0.9826008812554442,NDM_M3
NDM_M3 (98),c:\Users\noppa\OneDrive\Desktop\mango\data\jpg\NDM_M3\NDM_M3 (98).jpg,20,0.07585788659718098,4,0.043647138069747286,0.0004186348098516627,0.00018964471649295247,1.8099078341013826,0.4628220865332707,0.9526127796007314,NDM_M3
NDM_M3 (99),c:\Users\noppa\OneDrive\Desktop\mango\data\jpg\NDM_M3\NDM_M3 (99).jpg,20,0.08037473278283104,4,0.09053946430816952,0.00043488284360984196,0.00020093683195707759,0.5499681731381286,0.48285894771806936,0.9558429744847092,NDM_M3
